date,price
2014-01-01 00:00:00,20.02
2014-01-01 01:00:00,10.34
2014-01-01 02:00:00,5.35
2014-01-01 03:00:00,5.0
2014-01-01 04:00:00,0.5
2014-01-01 05:00:00,0.0
2014-01-01 06:00:00,0.0
2014-01-01 07:00:00,0.0
2014-01-01 08:00:00,0.0
2014-01-01 09:00:00,0.0
2014-01-01 10:00:00,2.0
2014-01-01 11:00:00,4.75
2014-01-01 12:00:00,5.35
2014-01-01 13:00:00,4.9
2014-01-01 14:00:00,0.9
2014-01-01 15:00:00,0.0
2014-01-01 16:00:00,0.0
2014-01-01 17:00:00,0.0
2014-01-01 18:00:00,5.0
2014-01-01 19:00:00,7.8
2014-01-01 20:00:00,18.9
2014-01-01 21:00:00,20.0
2014-01-01 22:00:00,20.0
2014-01-01 23:00:00,8.6
2014-01-02 00:00:00,5.13
2014-01-02 01:00:00,0.0
2014-01-02 02:00:00,0.0
2014-01-02 03:00:00,0.0
2014-01-02 04:00:00,0.0
2014-01-02 05:00:00,0.0
2014-01-02 06:00:00,0.0
2014-01-02 07:00:00,18.9
2014-01-02 08:00:00,27.2
2014-01-02 09:00:00,36.0
2014-01-02 10:00:00,40.13
2014-01-02 11:00:00,40.88
2014-01-02 12:00:00,41.65
2014-01-02 13:00:00,39.18
2014-01-02 14:00:00,35.2
2014-01-02 15:00:00,34.87
2014-01-02 16:00:00,30.0
2014-01-02 17:00:00,37.12
2014-01-02 18:00:00,41.39
2014-01-02 19:00:00,40.88
2014-01-02 20:00:00,40.88
2014-01-02 21:00:00,37.12
2014-01-02 22:00:00,35.11
2014-01-02 23:00:00,25.1
2014-01-03 00:00:00,15.3
2014-01-03 01:00:00,5.13
2014-01-03 02:00:00,0.0
2014-01-03 03:00:00,0.0
2014-01-03 04:00:00,0.0
2014-01-03 05:00:00,0.0
2014-01-03 06:00:00,2.0
2014-01-03 07:00:00,27.0
2014-01-03 08:00:00,37.02
2014-01-03 09:00:00,42.0
2014-01-03 10:00:00,45.03
2014-01-03 11:00:00,45.0
2014-01-03 12:00:00,45.5
2014-01-03 13:00:00,42.4
2014-01-03 14:00:00,37.25
2014-01-03 15:00:00,37.02
2014-01-03 16:00:00,42.34
2014-01-03 17:00:00,50.42
2014-01-03 18:00:00,92.1
2014-01-03 19:00:00,96.3
2014-01-03 20:00:00,94.9
2014-01-03 21:00:00,94.6
2014-01-03 22:00:00,58.01
2014-01-03 23:00:00,48.86
2014-01-04 00:00:00,21.5
2014-01-04 01:00:00,8.5
2014-01-04 02:00:00,2.5
2014-01-04 03:00:00,0.0
2014-01-04 04:00:00,0.0
2014-01-04 05:00:00,0.0
2014-01-04 06:00:00,0.0
2014-01-04 07:00:00,0.0
2014-01-04 08:00:00,0.0
2014-01-04 09:00:00,0.0
2014-01-04 10:00:00,0.0
2014-01-04 11:00:00,0.0
2014-01-04 12:00:00,0.0
2014-01-04 13:00:00,0.0
2014-01-04 14:00:00,0.0
2014-01-04 15:00:00,0.0
2014-01-04 16:00:00,0.0
2014-01-04 17:00:00,0.0
2014-01-04 18:00:00,10.0
2014-01-04 19:00:00,15.1
2014-01-04 20:00:00,17.81
2014-01-04 21:00:00,19.0
2014-01-04 22:00:00,13.1
2014-01-04 23:00:00,12.3
2014-01-05 00:00:00,5.0
2014-01-05 01:00:00,0.0
2014-01-05 02:00:00,0.0
2014-01-05 03:00:00,0.0
2014-01-05 04:00:00,0.0
2014-01-05 05:00:00,0.0
2014-01-05 06:00:00,0.0
2014-01-05 07:00:00,0.0
2014-01-05 08:00:00,0.0
2014-01-05 09:00:00,0.0
2014-01-05 10:00:00,1.0
2014-01-05 11:00:00,3.0
2014-01-05 12:00:00,5.0
2014-01-05 13:00:00,3.2
2014-01-05 14:00:00,3.0
2014-01-05 15:00:00,1.0
2014-01-05 16:00:00,0.1
2014-01-05 17:00:00,1.5
2014-01-05 18:00:00,7.2
2014-01-05 19:00:00,10.0
2014-01-05 20:00:00,15.0
2014-01-05 21:00:00,23.0
2014-01-05 22:00:00,12.1
2014-01-05 23:00:00,8.1
2014-01-06 00:00:00,25.0
2014-01-06 01:00:00,5.13
2014-01-06 02:00:00,2.2
2014-01-06 03:00:00,0.0
2014-01-06 04:00:00,0.0
2014-01-06 05:00:00,0.0
2014-01-06 06:00:00,0.0
2014-01-06 07:00:00,1.2
2014-01-06 08:00:00,0.1
2014-01-06 09:00:00,4.0
2014-01-06 10:00:00,5.69
2014-01-06 11:00:00,6.1
2014-01-06 12:00:00,9.1
2014-01-06 13:00:00,6.1
2014-01-06 14:00:00,5.69
2014-01-06 15:00:00,5.69
2014-01-06 16:00:00,5.2
2014-01-06 17:00:00,10.1
2014-01-06 18:00:00,30.0
2014-01-06 19:00:00,37.13
2014-01-06 20:00:00,44.03
2014-01-06 21:00:00,44.32
2014-01-06 22:00:00,44.32
2014-01-06 23:00:00,35.0
2014-01-07 00:00:00,24.8
2014-01-07 01:00:00,11.65
2014-01-07 02:00:00,4.13
2014-01-07 03:00:00,1.5
2014-01-07 04:00:00,1.5
2014-01-07 05:00:00,5.0
2014-01-07 06:00:00,19.0
2014-01-07 07:00:00,51.67
2014-01-07 08:00:00,57.1
2014-01-07 09:00:00,60.0
2014-01-07 10:00:00,56.71
2014-01-07 11:00:00,55.2
2014-01-07 12:00:00,58.2
2014-01-07 13:00:00,55.21
2014-01-07 14:00:00,55.2
2014-01-07 15:00:00,45.5
2014-01-07 16:00:00,45.19
2014-01-07 17:00:00,60.0
2014-01-07 18:00:00,80.1
2014-01-07 19:00:00,85.69
2014-01-07 20:00:00,87.6
2014-01-07 21:00:00,88.5
2014-01-07 22:00:00,84.6
2014-01-07 23:00:00,55.2
2014-01-08 00:00:00,35.44
2014-01-08 01:00:00,25.0
2014-01-08 02:00:00,12.45
2014-01-08 03:00:00,15.0
2014-01-08 04:00:00,9.65
2014-01-08 05:00:00,18.0
2014-01-08 06:00:00,20.0
2014-01-08 07:00:00,35.0
2014-01-08 08:00:00,45.4
2014-01-08 09:00:00,50.0
2014-01-08 10:00:00,50.0
2014-01-08 11:00:00,48.7
2014-01-08 12:00:00,49.77
2014-01-08 13:00:00,47.77
2014-01-08 14:00:00,45.5
2014-01-08 15:00:00,42.4
2014-01-08 16:00:00,44.41
2014-01-08 17:00:00,49.77
2014-01-08 18:00:00,55.77
2014-01-08 19:00:00,60.01
2014-01-08 20:00:00,64.93
2014-01-08 21:00:00,69.24
2014-01-08 22:00:00,55.03
2014-01-08 23:00:00,39.74
2014-01-09 00:00:00,26.46
2014-01-09 01:00:00,13.22
2014-01-09 02:00:00,5.0
2014-01-09 03:00:00,4.0
2014-01-09 04:00:00,3.45
2014-01-09 05:00:00,11.14
2014-01-09 06:00:00,25.69
2014-01-09 07:00:00,44.17
2014-01-09 08:00:00,48.2
2014-01-09 09:00:00,51.25
2014-01-09 10:00:00,52.03
2014-01-09 11:00:00,52.01
2014-01-09 12:00:00,65.02
2014-01-09 13:00:00,55.98
2014-01-09 14:00:00,55.98
2014-01-09 15:00:00,55.97
2014-01-09 16:00:00,60.0
2014-01-09 17:00:00,71.0
2014-01-09 18:00:00,84.98
2014-01-09 19:00:00,86.8
2014-01-09 20:00:00,87.6
2014-01-09 21:00:00,86.8
2014-01-09 22:00:00,80.11
2014-01-09 23:00:00,49.67
2014-01-10 00:00:00,44.95
2014-01-10 01:00:00,30.0
2014-01-10 02:00:00,24.01
2014-01-10 03:00:00,15.69
2014-01-10 04:00:00,12.69
2014-01-10 05:00:00,24.01
2014-01-10 06:00:00,32.06
2014-01-10 07:00:00,51.3
2014-01-10 08:00:00,61.71
2014-01-10 09:00:00,74.98
2014-01-10 10:00:00,74.07
2014-01-10 11:00:00,67.5
2014-01-10 12:00:00,73.0
2014-01-10 13:00:00,65.13
2014-01-10 14:00:00,59.24
2014-01-10 15:00:00,55.97
2014-01-10 16:00:00,55.12
2014-01-10 17:00:00,59.21
2014-01-10 18:00:00,79.99
2014-01-10 19:00:00,85.69
2014-01-10 20:00:00,86.2
2014-01-10 21:00:00,85.4
2014-01-10 22:00:00,74.98
2014-01-10 23:00:00,55.97
2014-01-11 00:00:00,55.69
2014-01-11 01:00:00,41.12
2014-01-11 02:00:00,37.5
2014-01-11 03:00:00,38.0
2014-01-11 04:00:00,35.0
2014-01-11 05:00:00,34.69
2014-01-11 06:00:00,34.69
2014-01-11 07:00:00,38.0
2014-01-11 08:00:00,44.95
2014-01-11 09:00:00,49.18
2014-01-11 10:00:00,51.41
2014-01-11 11:00:00,51.56
2014-01-11 12:00:00,50.21
2014-01-11 13:00:00,55.0
2014-01-11 14:00:00,55.48
2014-01-11 15:00:00,50.0
2014-01-11 16:00:00,44.95
2014-01-11 17:00:00,50.0
2014-01-11 18:00:00,65.5
2014-01-11 19:00:00,75.0
2014-01-11 20:00:00,75.0
2014-01-11 21:00:00,68.72
2014-01-11 22:00:00,55.0
2014-01-11 23:00:00,50.0
2014-01-12 00:00:00,46.73
2014-01-12 01:00:00,39.6
2014-01-12 02:00:00,35.12
2014-01-12 03:00:00,27.6
2014-01-12 04:00:00,25.68
2014-01-12 05:00:00,24.14
2014-01-12 06:00:00,25.0
2014-01-12 07:00:00,27.0
2014-01-12 08:00:00,25.76
2014-01-12 09:00:00,36.51
2014-01-12 10:00:00,41.26
2014-01-12 11:00:00,41.26
2014-01-12 12:00:00,41.26
2014-01-12 13:00:00,38.5
2014-01-12 14:00:00,38.0
2014-01-12 15:00:00,37.21
2014-01-12 16:00:00,37.21
2014-01-12 17:00:00,38.0
2014-01-12 18:00:00,44.17
2014-01-12 19:00:00,45.0
2014-01-12 20:00:00,47.02
2014-01-12 21:00:00,49.92
2014-01-12 22:00:00,47.02
2014-01-12 23:00:00,45.0
2014-01-13 00:00:00,37.5
2014-01-13 01:00:00,30.69
2014-01-13 02:00:00,23.2
2014-01-13 03:00:00,25.63
2014-01-13 04:00:00,25.66
2014-01-13 05:00:00,29.1
2014-01-13 06:00:00,38.0
2014-01-13 07:00:00,50.21
2014-01-13 08:00:00,55.96
2014-01-13 09:00:00,56.27
2014-01-13 10:00:00,51.29
2014-01-13 11:00:00,48.02
2014-01-13 12:00:00,48.02
2014-01-13 13:00:00,46.9
2014-01-13 14:00:00,41.29
2014-01-13 15:00:00,35.5
2014-01-13 16:00:00,30.0
2014-01-13 17:00:00,38.5
2014-01-13 18:00:00,41.26
2014-01-13 19:00:00,44.0
2014-01-13 20:00:00,41.27
2014-01-13 21:00:00,41.26
2014-01-13 22:00:00,32.19
2014-01-13 23:00:00,20.0
2014-01-14 00:00:00,7.4
2014-01-14 01:00:00,4.0
2014-01-14 02:00:00,0.0
2014-01-14 03:00:00,0.0
2014-01-14 04:00:00,0.0
2014-01-14 05:00:00,0.0
2014-01-14 06:00:00,4.0
2014-01-14 07:00:00,25.0
2014-01-14 08:00:00,41.26
2014-01-14 09:00:00,48.02
2014-01-14 10:00:00,48.02
2014-01-14 11:00:00,47.0
2014-01-14 12:00:00,51.0
2014-01-14 13:00:00,50.93
2014-01-14 14:00:00,49.98
2014-01-14 15:00:00,40.01
2014-01-14 16:00:00,36.19
2014-01-14 17:00:00,42.4
2014-01-14 18:00:00,50.01
2014-01-14 19:00:00,54.99
2014-01-14 20:00:00,54.99
2014-01-14 21:00:00,54.96
2014-01-14 22:00:00,49.03
2014-01-14 23:00:00,41.26
2014-01-15 00:00:00,44.86
2014-01-15 01:00:00,35.52
2014-01-15 02:00:00,29.12
2014-01-15 03:00:00,27.67
2014-01-15 04:00:00,29.12
2014-01-15 05:00:00,33.65
2014-01-15 06:00:00,38.5
2014-01-15 07:00:00,55.19
2014-01-15 08:00:00,56.69
2014-01-15 09:00:00,65.13
2014-01-15 10:00:00,65.53
2014-01-15 11:00:00,60.02
2014-01-15 12:00:00,60.02
2014-01-15 13:00:00,56.31
2014-01-15 14:00:00,55.28
2014-01-15 15:00:00,54.23
2014-01-15 16:00:00,54.0
2014-01-15 17:00:00,56.68
2014-01-15 18:00:00,65.0
2014-01-15 19:00:00,57.73
2014-01-15 20:00:00,56.31
2014-01-15 21:00:00,55.28
2014-01-15 22:00:00,48.5
2014-01-15 23:00:00,36.21
2014-01-16 00:00:00,29.12
2014-01-16 01:00:00,25.0
2014-01-16 02:00:00,14.05
2014-01-16 03:00:00,14.0
2014-01-16 04:00:00,13.0
2014-01-16 05:00:00,20.0
2014-01-16 06:00:00,26.71
2014-01-16 07:00:00,49.22
2014-01-16 08:00:00,50.0
2014-01-16 09:00:00,50.0
2014-01-16 10:00:00,48.69
2014-01-16 11:00:00,49.22
2014-01-16 12:00:00,52.03
2014-01-16 13:00:00,50.0
2014-01-16 14:00:00,48.01
2014-01-16 15:00:00,47.0
2014-01-16 16:00:00,47.0
2014-01-16 17:00:00,51.18
2014-01-16 18:00:00,56.31
2014-01-16 19:00:00,59.61
2014-01-16 20:00:00,59.2
2014-01-16 21:00:00,55.0
2014-01-16 22:00:00,47.1
2014-01-16 23:00:00,41.26
2014-01-17 00:00:00,27.93
2014-01-17 01:00:00,17.78
2014-01-17 02:00:00,6.0
2014-01-17 03:00:00,6.0
2014-01-17 04:00:00,6.0
2014-01-17 05:00:00,9.99
2014-01-17 06:00:00,17.75
2014-01-17 07:00:00,47.0
2014-01-17 08:00:00,47.0
2014-01-17 09:00:00,50.0
2014-01-17 10:00:00,47.0
2014-01-17 11:00:00,46.86
2014-01-17 12:00:00,47.0
2014-01-17 13:00:00,47.0
2014-01-17 14:00:00,46.57
2014-01-17 15:00:00,44.93
2014-01-17 16:00:00,47.0
2014-01-17 17:00:00,54.1
2014-01-17 18:00:00,60.0
2014-01-17 19:00:00,84.6
2014-01-17 20:00:00,59.41
2014-01-17 21:00:00,57.12
2014-01-17 22:00:00,52.93
2014-01-17 23:00:00,47.0
2014-01-18 00:00:00,53.64
2014-01-18 01:00:00,35.5
2014-01-18 02:00:00,28.5
2014-01-18 03:00:00,27.07
2014-01-18 04:00:00,25.0
2014-01-18 05:00:00,25.94
2014-01-18 06:00:00,27.7
2014-01-18 07:00:00,28.4
2014-01-18 08:00:00,33.83
2014-01-18 09:00:00,46.77
2014-01-18 10:00:00,54.0
2014-01-18 11:00:00,48.36
2014-01-18 12:00:00,47.0
2014-01-18 13:00:00,46.77
2014-01-18 14:00:00,47.0
2014-01-18 15:00:00,44.17
2014-01-18 16:00:00,38.29
2014-01-18 17:00:00,47.0
2014-01-18 18:00:00,55.51
2014-01-18 19:00:00,59.68
2014-01-18 20:00:00,60.35
2014-01-18 21:00:00,59.0
2014-01-18 22:00:00,53.64
2014-01-18 23:00:00,55.06
2014-01-19 00:00:00,54.0
2014-01-19 01:00:00,42.1
2014-01-19 02:00:00,33.65
2014-01-19 03:00:00,30.32
2014-01-19 04:00:00,27.69
2014-01-19 05:00:00,26.68
2014-01-19 06:00:00,27.0
2014-01-19 07:00:00,32.5
2014-01-19 08:00:00,28.0
2014-01-19 09:00:00,35.0
2014-01-19 10:00:00,42.0
2014-01-19 11:00:00,40.01
2014-01-19 12:00:00,41.5
2014-01-19 13:00:00,33.65
2014-01-19 14:00:00,27.13
2014-01-19 15:00:00,29.8
2014-01-19 16:00:00,27.53
2014-01-19 17:00:00,27.1
2014-01-19 18:00:00,34.5
2014-01-19 19:00:00,33.65
2014-01-19 20:00:00,35.5
2014-01-19 21:00:00,35.77
2014-01-19 22:00:00,35.5
2014-01-19 23:00:00,32.32
2014-01-20 00:00:00,26.62
2014-01-20 01:00:00,14.69
2014-01-20 02:00:00,0.1
2014-01-20 03:00:00,0.1
2014-01-20 04:00:00,0.1
2014-01-20 05:00:00,1.0
2014-01-20 06:00:00,16.78
2014-01-20 07:00:00,35.5
2014-01-20 08:00:00,45.77
2014-01-20 09:00:00,47.0
2014-01-20 10:00:00,46.4
2014-01-20 11:00:00,41.87
2014-01-20 12:00:00,43.85
2014-01-20 13:00:00,47.0
2014-01-20 14:00:00,47.0
2014-01-20 15:00:00,42.1
2014-01-20 16:00:00,45.77
2014-01-20 17:00:00,53.3
2014-01-20 18:00:00,58.0
2014-01-20 19:00:00,65.13
2014-01-20 20:00:00,65.13
2014-01-20 21:00:00,67.1
2014-01-20 22:00:00,54.71
2014-01-20 23:00:00,42.5
2014-01-21 00:00:00,47.5
2014-01-21 01:00:00,42.98
2014-01-21 02:00:00,35.0
2014-01-21 03:00:00,30.78
2014-01-21 04:00:00,30.0
2014-01-21 05:00:00,35.5
2014-01-21 06:00:00,44.04
2014-01-21 07:00:00,53.69
2014-01-21 08:00:00,58.03
2014-01-21 09:00:00,62.1
2014-01-21 10:00:00,57.13
2014-01-21 11:00:00,55.03
2014-01-21 12:00:00,57.13
2014-01-21 13:00:00,55.0
2014-01-21 14:00:00,53.69
2014-01-21 15:00:00,51.0
2014-01-21 16:00:00,50.69
2014-01-21 17:00:00,53.41
2014-01-21 18:00:00,57.13
2014-01-21 19:00:00,61.32
2014-01-21 20:00:00,59.79
2014-01-21 21:00:00,61.56
2014-01-21 22:00:00,56.31
2014-01-21 23:00:00,48.19
2014-01-22 00:00:00,45.0
2014-01-22 01:00:00,35.85
2014-01-22 02:00:00,30.52
2014-01-22 03:00:00,30.13
2014-01-22 04:00:00,30.78
2014-01-22 05:00:00,35.0
2014-01-22 06:00:00,44.17
2014-01-22 07:00:00,51.0
2014-01-22 08:00:00,53.5
2014-01-22 09:00:00,58.3
2014-01-22 10:00:00,56.9
2014-01-22 11:00:00,53.03
2014-01-22 12:00:00,55.13
2014-01-22 13:00:00,53.62
2014-01-22 14:00:00,49.79
2014-01-22 15:00:00,48.62
2014-01-22 16:00:00,47.5
2014-01-22 17:00:00,48.51
2014-01-22 18:00:00,50.0
2014-01-22 19:00:00,53.28
2014-01-22 20:00:00,52.34
2014-01-22 21:00:00,50.69
2014-01-22 22:00:00,48.62
2014-01-22 23:00:00,45.69
2014-01-23 00:00:00,45.69
2014-01-23 01:00:00,38.0
2014-01-23 02:00:00,27.94
2014-01-23 03:00:00,26.07
2014-01-23 04:00:00,25.99
2014-01-23 05:00:00,27.52
2014-01-23 06:00:00,30.0
2014-01-23 07:00:00,47.0
2014-01-23 08:00:00,45.79
2014-01-23 09:00:00,50.0
2014-01-23 10:00:00,48.71
2014-01-23 11:00:00,48.4
2014-01-23 12:00:00,50.31
2014-01-23 13:00:00,48.79
2014-01-23 14:00:00,50.31
2014-01-23 15:00:00,48.19
2014-01-23 16:00:00,48.1
2014-01-23 17:00:00,50.21
2014-01-23 18:00:00,52.69
2014-01-23 19:00:00,58.45
2014-01-23 20:00:00,53.19
2014-01-23 21:00:00,52.12
2014-01-23 22:00:00,48.68
2014-01-23 23:00:00,45.0
2014-01-24 00:00:00,44.17
2014-01-24 01:00:00,39.4
2014-01-24 02:00:00,31.5
2014-01-24 03:00:00,28.21
2014-01-24 04:00:00,27.52
2014-01-24 05:00:00,28.66
2014-01-24 06:00:00,31.5
2014-01-24 07:00:00,42.1
2014-01-24 08:00:00,44.0
2014-01-24 09:00:00,46.85
2014-01-24 10:00:00,45.08
2014-01-24 11:00:00,44.0
2014-01-24 12:00:00,45.0
2014-01-24 13:00:00,43.69
2014-01-24 14:00:00,41.69
2014-01-24 15:00:00,41.26
2014-01-24 16:00:00,37.4
2014-01-24 17:00:00,41.26
2014-01-24 18:00:00,45.0
2014-01-24 19:00:00,47.0
2014-01-24 20:00:00,47.0
2014-01-24 21:00:00,47.0
2014-01-24 22:00:00,45.69
2014-01-24 23:00:00,40.4
2014-01-25 00:00:00,25.0
2014-01-25 01:00:00,15.0
2014-01-25 02:00:00,4.75
2014-01-25 03:00:00,4.22
2014-01-25 04:00:00,3.0
2014-01-25 05:00:00,1.25
2014-01-25 06:00:00,1.69
2014-01-25 07:00:00,4.0
2014-01-25 08:00:00,4.75
2014-01-25 09:00:00,4.22
2014-01-25 10:00:00,14.69
2014-01-25 11:00:00,17.0
2014-01-25 12:00:00,18.78
2014-01-25 13:00:00,21.03
2014-01-25 14:00:00,22.5
2014-01-25 15:00:00,21.0
2014-01-25 16:00:00,18.78
2014-01-25 17:00:00,22.5
2014-01-25 18:00:00,39.69
2014-01-25 19:00:00,41.26
2014-01-25 20:00:00,47.0
2014-01-25 21:00:00,47.1
2014-01-25 22:00:00,47.0
2014-01-25 23:00:00,47.8
2014-01-26 00:00:00,36.69
2014-01-26 01:00:00,33.1
2014-01-26 02:00:00,26.0
2014-01-26 03:00:00,19.0
2014-01-26 04:00:00,20.0
2014-01-26 05:00:00,20.2
2014-01-26 06:00:00,21.86
2014-01-26 07:00:00,28.0
2014-01-26 08:00:00,20.0
2014-01-26 09:00:00,26.88
2014-01-26 10:00:00,35.71
2014-01-26 11:00:00,36.2
2014-01-26 12:00:00,40.0
2014-01-26 13:00:00,35.26
2014-01-26 14:00:00,33.2
2014-01-26 15:00:00,17.0
2014-01-26 16:00:00,8.01
2014-01-26 17:00:00,8.5
2014-01-26 18:00:00,18.5
2014-01-26 19:00:00,26.89
2014-01-26 20:00:00,30.86
2014-01-26 21:00:00,32.89
2014-01-26 22:00:00,28.94
2014-01-26 23:00:00,20.0
2014-01-27 00:00:00,4.69
2014-01-27 01:00:00,1.5
2014-01-27 02:00:00,0.0
2014-01-27 03:00:00,0.0
2014-01-27 04:00:00,0.0
2014-01-27 05:00:00,0.0
2014-01-27 06:00:00,0.0
2014-01-27 07:00:00,14.0
2014-01-27 08:00:00,19.78
2014-01-27 09:00:00,32.26
2014-01-27 10:00:00,30.3
2014-01-27 11:00:00,18.78
2014-01-27 12:00:00,25.0
2014-01-27 13:00:00,15.0
2014-01-27 14:00:00,5.5
2014-01-27 15:00:00,4.01
2014-01-27 16:00:00,2.02
2014-01-27 17:00:00,13.0
2014-01-27 18:00:00,27.83
2014-01-27 19:00:00,37.69
2014-01-27 20:00:00,38.79
2014-01-27 21:00:00,38.79
2014-01-27 22:00:00,34.34
2014-01-27 23:00:00,15.0
2014-01-28 00:00:00,3.5
2014-01-28 01:00:00,0.1
2014-01-28 02:00:00,0.0
2014-01-28 03:00:00,0.0
2014-01-28 04:00:00,0.0
2014-01-28 05:00:00,0.0
2014-01-28 06:00:00,0.0
2014-01-28 07:00:00,5.1
2014-01-28 08:00:00,8.1
2014-01-28 09:00:00,13.0
2014-01-28 10:00:00,8.78
2014-01-28 11:00:00,5.0
2014-01-28 12:00:00,5.0
2014-01-28 13:00:00,4.0
2014-01-28 14:00:00,1.69
2014-01-28 15:00:00,1.5
2014-01-28 16:00:00,1.0
2014-01-28 17:00:00,5.0
2014-01-28 18:00:00,6.76
2014-01-28 19:00:00,16.0
2014-01-28 20:00:00,13.3
2014-01-28 21:00:00,13.0
2014-01-28 22:00:00,7.0
2014-01-28 23:00:00,0.9
2014-01-29 00:00:00,1.0
2014-01-29 01:00:00,0.0
2014-01-29 02:00:00,0.0
2014-01-29 03:00:00,0.0
2014-01-29 04:00:00,0.0
2014-01-29 05:00:00,1.0
2014-01-29 06:00:00,10.19
2014-01-29 07:00:00,37.06
2014-01-29 08:00:00,42.0
2014-01-29 09:00:00,46.0
2014-01-29 10:00:00,45.0
2014-01-29 11:00:00,42.5
2014-01-29 12:00:00,46.0
2014-01-29 13:00:00,41.79
2014-01-29 14:00:00,40.97
2014-01-29 15:00:00,32.63
2014-01-29 16:00:00,30.92
2014-01-29 17:00:00,32.63
2014-01-29 18:00:00,39.4
2014-01-29 19:00:00,46.0
2014-01-29 20:00:00,47.48
2014-01-29 21:00:00,46.0
2014-01-29 22:00:00,34.0
2014-01-29 23:00:00,26.69
2014-01-30 00:00:00,29.69
2014-01-30 01:00:00,20.0
2014-01-30 02:00:00,12.5
2014-01-30 03:00:00,12.5
2014-01-30 04:00:00,10.0
2014-01-30 05:00:00,14.5
2014-01-30 06:00:00,19.69
2014-01-30 07:00:00,36.89
2014-01-30 08:00:00,38.5
2014-01-30 09:00:00,38.5
2014-01-30 10:00:00,33.0
2014-01-30 11:00:00,29.69
2014-01-30 12:00:00,28.91
2014-01-30 13:00:00,26.29
2014-01-30 14:00:00,24.53
2014-01-30 15:00:00,20.0
2014-01-30 16:00:00,22.5
2014-01-30 17:00:00,28.61
2014-01-30 18:00:00,30.69
2014-01-30 19:00:00,41.73
2014-01-30 20:00:00,45.83
2014-01-30 21:00:00,45.83
2014-01-30 22:00:00,35.0
2014-01-30 23:00:00,30.0
2014-01-31 00:00:00,30.0
2014-01-31 01:00:00,20.0
2014-01-31 02:00:00,14.5
2014-01-31 03:00:00,18.19
2014-01-31 04:00:00,19.5
2014-01-31 05:00:00,22.3
2014-01-31 06:00:00,28.69
2014-01-31 07:00:00,46.0
2014-01-31 08:00:00,47.51
2014-01-31 09:00:00,53.1
2014-01-31 10:00:00,50.0
2014-01-31 11:00:00,49.0
2014-01-31 12:00:00,47.51
2014-01-31 13:00:00,46.8
2014-01-31 14:00:00,46.0
2014-01-31 15:00:00,42.1
2014-01-31 16:00:00,40.0
2014-01-31 17:00:00,43.0
2014-01-31 18:00:00,46.0
2014-01-31 19:00:00,54.3
2014-01-31 20:00:00,50.0
2014-01-31 21:00:00,47.51
2014-01-31 22:00:00,46.0
2014-01-31 23:00:00,38.0
2014-02-01 00:00:00,22.69
2014-02-01 01:00:00,12.0
2014-02-01 02:00:00,5.0
2014-02-01 03:00:00,5.0
2014-02-01 04:00:00,4.0
2014-02-01 05:00:00,1.0
2014-02-01 06:00:00,1.0
2014-02-01 07:00:00,2.0
2014-02-01 08:00:00,2.0
2014-02-01 09:00:00,5.0
2014-02-01 10:00:00,12.0
2014-02-01 11:00:00,10.0
2014-02-01 12:00:00,4.0
2014-02-01 13:00:00,5.0
2014-02-01 14:00:00,4.0
2014-02-01 15:00:00,0.52
2014-02-01 16:00:00,0.1
2014-02-01 17:00:00,4.0
2014-02-01 18:00:00,18.5
2014-02-01 19:00:00,27.75
2014-02-01 20:00:00,31.05
2014-02-01 21:00:00,30.3
2014-02-01 22:00:00,29.51
2014-02-01 23:00:00,24.69
2014-02-02 00:00:00,24.69
2014-02-02 01:00:00,14.0
2014-02-02 02:00:00,9.69
2014-02-02 03:00:00,8.19
2014-02-02 04:00:00,7.5
2014-02-02 05:00:00,9.69
2014-02-02 06:00:00,9.69
2014-02-02 07:00:00,12.69
2014-02-02 08:00:00,12.69
2014-02-02 09:00:00,17.5
2014-02-02 10:00:00,26.03
2014-02-02 11:00:00,28.71
2014-02-02 12:00:00,32.52
2014-02-02 13:00:00,30.2
2014-02-02 14:00:00,30.0
2014-02-02 15:00:00,28.67
2014-02-02 16:00:00,28.66
2014-02-02 17:00:00,31.42
2014-02-02 18:00:00,38.5
2014-02-02 19:00:00,44.2
2014-02-02 20:00:00,54.0
2014-02-02 21:00:00,54.0
2014-02-02 22:00:00,42.4
2014-02-02 23:00:00,34.84
2014-02-03 00:00:00,28.36
2014-02-03 01:00:00,14.0
2014-02-03 02:00:00,1.0
2014-02-03 03:00:00,0.3
2014-02-03 04:00:00,0.15
2014-02-03 05:00:00,0.3
2014-02-03 06:00:00,6.6
2014-02-03 07:00:00,29.4
2014-02-03 08:00:00,34.03
2014-02-03 09:00:00,36.8
2014-02-03 10:00:00,34.5
2014-02-03 11:00:00,32.1
2014-02-03 12:00:00,32.1
2014-02-03 13:00:00,29.8
2014-02-03 14:00:00,29.29
2014-02-03 15:00:00,27.07
2014-02-03 16:00:00,25.0
2014-02-03 17:00:00,29.6
2014-02-03 18:00:00,36.43
2014-02-03 19:00:00,46.0
2014-02-03 20:00:00,46.0
2014-02-03 21:00:00,44.2
2014-02-03 22:00:00,39.0
2014-02-03 23:00:00,29.4
2014-02-04 00:00:00,15.98
2014-02-04 01:00:00,8.0
2014-02-04 02:00:00,4.84
2014-02-04 03:00:00,10.0
2014-02-04 04:00:00,10.0
2014-02-04 05:00:00,14.98
2014-02-04 06:00:00,16.98
2014-02-04 07:00:00,32.1
2014-02-04 08:00:00,38.5
2014-02-04 09:00:00,44.27
2014-02-04 10:00:00,41.0
2014-02-04 11:00:00,32.82
2014-02-04 12:00:00,32.82
2014-02-04 13:00:00,30.0
2014-02-04 14:00:00,26.05
2014-02-04 15:00:00,22.88
2014-02-04 16:00:00,19.98
2014-02-04 17:00:00,26.03
2014-02-04 18:00:00,34.9
2014-02-04 19:00:00,38.0
2014-02-04 20:00:00,35.2
2014-02-04 21:00:00,29.4
2014-02-04 22:00:00,19.5
2014-02-04 23:00:00,7.0
2014-02-05 00:00:00,0.1
2014-02-05 01:00:00,0.0
2014-02-05 02:00:00,0.0
2014-02-05 03:00:00,0.0
2014-02-05 04:00:00,0.0
2014-02-05 05:00:00,0.0
2014-02-05 06:00:00,0.0
2014-02-05 07:00:00,1.0
2014-02-05 08:00:00,3.0
2014-02-05 09:00:00,8.13
2014-02-05 10:00:00,5.01
2014-02-05 11:00:00,5.0
2014-02-05 12:00:00,6.68
2014-02-05 13:00:00,5.0
2014-02-05 14:00:00,3.6
2014-02-05 15:00:00,4.0
2014-02-05 16:00:00,5.0
2014-02-05 17:00:00,13.0
2014-02-05 18:00:00,32.7
2014-02-05 19:00:00,44.2
2014-02-05 20:00:00,52.1
2014-02-05 21:00:00,50.13
2014-02-05 22:00:00,36.3
2014-02-05 23:00:00,14.0
2014-02-06 00:00:00,3.0
2014-02-06 01:00:00,1.0
2014-02-06 02:00:00,0.0
2014-02-06 03:00:00,0.0
2014-02-06 04:00:00,0.0
2014-02-06 05:00:00,0.0
2014-02-06 06:00:00,0.2
2014-02-06 07:00:00,5.01
2014-02-06 08:00:00,8.0
2014-02-06 09:00:00,20.01
2014-02-06 10:00:00,9.0
2014-02-06 11:00:00,6.39
2014-02-06 12:00:00,6.44
2014-02-06 13:00:00,6.0
2014-02-06 14:00:00,5.0
2014-02-06 15:00:00,3.0
2014-02-06 16:00:00,3.0
2014-02-06 17:00:00,5.0
2014-02-06 18:00:00,6.37
2014-02-06 19:00:00,7.0
2014-02-06 20:00:00,7.0
2014-02-06 21:00:00,10.03
2014-02-06 22:00:00,6.2
2014-02-06 23:00:00,2.94
2014-02-07 00:00:00,0.5
2014-02-07 01:00:00,0.0
2014-02-07 02:00:00,0.0
2014-02-07 03:00:00,0.0
2014-02-07 04:00:00,0.0
2014-02-07 05:00:00,0.0
2014-02-07 06:00:00,0.0
2014-02-07 07:00:00,2.0
2014-02-07 08:00:00,3.0
2014-02-07 09:00:00,5.87
2014-02-07 10:00:00,5.0
2014-02-07 11:00:00,3.0
2014-02-07 12:00:00,3.0
2014-02-07 13:00:00,3.0
2014-02-07 14:00:00,1.4
2014-02-07 15:00:00,1.0
2014-02-07 16:00:00,1.0
2014-02-07 17:00:00,3.0
2014-02-07 18:00:00,6.26
2014-02-07 19:00:00,10.0
2014-02-07 20:00:00,9.5
2014-02-07 21:00:00,10.0
2014-02-07 22:00:00,6.15
2014-02-07 23:00:00,3.0
2014-02-08 00:00:00,3.0
2014-02-08 01:00:00,0.0
2014-02-08 02:00:00,0.0
2014-02-08 03:00:00,0.0
2014-02-08 04:00:00,0.0
2014-02-08 05:00:00,0.0
2014-02-08 06:00:00,0.0
2014-02-08 07:00:00,0.0
2014-02-08 08:00:00,0.0
2014-02-08 09:00:00,0.0
2014-02-08 10:00:00,0.0
2014-02-08 11:00:00,0.0
2014-02-08 12:00:00,0.0
2014-02-08 13:00:00,0.0
2014-02-08 14:00:00,0.0
2014-02-08 15:00:00,0.0
2014-02-08 16:00:00,0.0
2014-02-08 17:00:00,0.0
2014-02-08 18:00:00,2.8
2014-02-08 19:00:00,3.2
2014-02-08 20:00:00,5.0
2014-02-08 21:00:00,6.0
2014-02-08 22:00:00,3.4
2014-02-08 23:00:00,3.0
2014-02-09 00:00:00,0.2
2014-02-09 01:00:00,0.0
2014-02-09 02:00:00,0.0
2014-02-09 03:00:00,0.0
2014-02-09 04:00:00,0.0
2014-02-09 05:00:00,0.0
2014-02-09 06:00:00,0.0
2014-02-09 07:00:00,0.0
2014-02-09 08:00:00,0.0
2014-02-09 09:00:00,0.0
2014-02-09 10:00:00,0.0
2014-02-09 11:00:00,0.01
2014-02-09 12:00:00,0.14
2014-02-09 13:00:00,0.01
2014-02-09 14:00:00,0.0
2014-02-09 15:00:00,0.0
2014-02-09 16:00:00,0.0
2014-02-09 17:00:00,0.0
2014-02-09 18:00:00,0.01
2014-02-09 19:00:00,2.0
2014-02-09 20:00:00,3.0
2014-02-09 21:00:00,3.0
2014-02-09 22:00:00,3.0
2014-02-09 23:00:00,0.1
2014-02-10 00:00:00,0.0
2014-02-10 01:00:00,0.0
2014-02-10 02:00:00,0.0
2014-02-10 03:00:00,0.0
2014-02-10 04:00:00,0.0
2014-02-10 05:00:00,0.0
2014-02-10 06:00:00,0.0
2014-02-10 07:00:00,0.0
2014-02-10 08:00:00,2.0
2014-02-10 09:00:00,3.0
2014-02-10 10:00:00,3.0
2014-02-10 11:00:00,2.0
2014-02-10 12:00:00,3.0
2014-02-10 13:00:00,2.0
2014-02-10 14:00:00,2.0
2014-02-10 15:00:00,0.5
2014-02-10 16:00:00,2.0
2014-02-10 17:00:00,3.0
2014-02-10 18:00:00,7.0
2014-02-10 19:00:00,10.0
2014-02-10 20:00:00,13.0
2014-02-10 21:00:00,14.0
2014-02-10 22:00:00,6.9
2014-02-10 23:00:00,3.0
2014-02-11 00:00:00,0.51
2014-02-11 01:00:00,0.0
2014-02-11 02:00:00,0.0
2014-02-11 03:00:00,0.0
2014-02-11 04:00:00,0.0
2014-02-11 05:00:00,0.0
2014-02-11 06:00:00,0.0
2014-02-11 07:00:00,1.0
2014-02-11 08:00:00,5.0
2014-02-11 09:00:00,10.03
2014-02-11 10:00:00,10.0
2014-02-11 11:00:00,10.0
2014-02-11 12:00:00,14.0
2014-02-11 13:00:00,14.0
2014-02-11 14:00:00,15.0
2014-02-11 15:00:00,16.5
2014-02-11 16:00:00,22.0
2014-02-11 17:00:00,28.84
2014-02-11 18:00:00,40.5
2014-02-11 19:00:00,52.0
2014-02-11 20:00:00,75.0
2014-02-11 21:00:00,75.7
2014-02-11 22:00:00,47.0
2014-02-11 23:00:00,28.73
2014-02-12 00:00:00,14.0
2014-02-12 01:00:00,4.13
2014-02-12 02:00:00,3.0
2014-02-12 03:00:00,2.0
2014-02-12 04:00:00,2.0
2014-02-12 05:00:00,2.0
2014-02-12 06:00:00,3.5
2014-02-12 07:00:00,32.89
2014-02-12 08:00:00,39.04
2014-02-12 09:00:00,55.1
2014-02-12 10:00:00,48.0
2014-02-12 11:00:00,44.69
2014-02-12 12:00:00,44.13
2014-02-12 13:00:00,38.1
2014-02-12 14:00:00,30.0
2014-02-12 15:00:00,20.0
2014-02-12 16:00:00,6.09
2014-02-12 17:00:00,6.18
2014-02-12 18:00:00,15.13
2014-02-12 19:00:00,26.0
2014-02-12 20:00:00,21.78
2014-02-12 21:00:00,18.69
2014-02-12 22:00:00,6.3
2014-02-12 23:00:00,2.5
2014-02-13 00:00:00,0.5
2014-02-13 01:00:00,0.0
2014-02-13 02:00:00,0.0
2014-02-13 03:00:00,0.0
2014-02-13 04:00:00,0.0
2014-02-13 05:00:00,0.0
2014-02-13 06:00:00,0.0
2014-02-13 07:00:00,0.5
2014-02-13 08:00:00,2.5
2014-02-13 09:00:00,4.5
2014-02-13 10:00:00,4.5
2014-02-13 11:00:00,4.5
2014-02-13 12:00:00,5.51
2014-02-13 13:00:00,5.0
2014-02-13 14:00:00,4.01
2014-02-13 15:00:00,3.5
2014-02-13 16:00:00,3.5
2014-02-13 17:00:00,6.51
2014-02-13 18:00:00,12.5
2014-02-13 19:00:00,28.2
2014-02-13 20:00:00,30.0
2014-02-13 21:00:00,28.0
2014-02-13 22:00:00,12.0
2014-02-13 23:00:00,3.5
2014-02-14 00:00:00,0.5
2014-02-14 01:00:00,0.0
2014-02-14 02:00:00,0.0
2014-02-14 03:00:00,0.0
2014-02-14 04:00:00,0.0
2014-02-14 05:00:00,0.0
2014-02-14 06:00:00,0.0
2014-02-14 07:00:00,2.5
2014-02-14 08:00:00,3.5
2014-02-14 09:00:00,6.61
2014-02-14 10:00:00,5.01
2014-02-14 11:00:00,4.5
2014-02-14 12:00:00,4.5
2014-02-14 13:00:00,3.5
2014-02-14 14:00:00,3.0
2014-02-14 15:00:00,2.0
2014-02-14 16:00:00,1.0
2014-02-14 17:00:00,3.0
2014-02-14 18:00:00,4.0
2014-02-14 19:00:00,7.0
2014-02-14 20:00:00,7.21
2014-02-14 21:00:00,8.0
2014-02-14 22:00:00,6.16
2014-02-14 23:00:00,3.0
2014-02-15 00:00:00,6.0
2014-02-15 01:00:00,3.0
2014-02-15 02:00:00,0.5
2014-02-15 03:00:00,0.1
2014-02-15 04:00:00,0.07
2014-02-15 05:00:00,0.07
2014-02-15 06:00:00,0.2
2014-02-15 07:00:00,1.0
2014-02-15 08:00:00,2.0
2014-02-15 09:00:00,5.0
2014-02-15 10:00:00,9.0
2014-02-15 11:00:00,12.0
2014-02-15 12:00:00,12.0
2014-02-15 13:00:00,9.2
2014-02-15 14:00:00,8.0
2014-02-15 15:00:00,6.0
2014-02-15 16:00:00,5.5
2014-02-15 17:00:00,14.0
2014-02-15 18:00:00,43.81
2014-02-15 19:00:00,67.15
2014-02-15 20:00:00,84.98
2014-02-15 21:00:00,80.0
2014-02-15 22:00:00,47.0
2014-02-15 23:00:00,30.03
2014-02-16 00:00:00,40.1
2014-02-16 01:00:00,25.0
2014-02-16 02:00:00,12.0
2014-02-16 03:00:00,5.0
2014-02-16 04:00:00,3.0
2014-02-16 05:00:00,3.0
2014-02-16 06:00:00,3.0
2014-02-16 07:00:00,5.0
2014-02-16 08:00:00,3.0
2014-02-16 09:00:00,9.0
2014-02-16 10:00:00,16.0
2014-02-16 11:00:00,19.5
2014-02-16 12:00:00,26.01
2014-02-16 13:00:00,20.76
2014-02-16 14:00:00,18.0
2014-02-16 15:00:00,13.0
2014-02-16 16:00:00,12.5
2014-02-16 17:00:00,14.0
2014-02-16 18:00:00,19.5
2014-02-16 19:00:00,42.0
2014-02-16 20:00:00,60.0
2014-02-16 21:00:00,73.13
2014-02-16 22:00:00,67.84
2014-02-16 23:00:00,42.0
2014-02-17 00:00:00,25.0
2014-02-17 01:00:00,3.0
2014-02-17 02:00:00,0.0
2014-02-17 03:00:00,0.0
2014-02-17 04:00:00,0.0
2014-02-17 05:00:00,0.0
2014-02-17 06:00:00,0.45
2014-02-17 07:00:00,38.5
2014-02-17 08:00:00,39.28
2014-02-17 09:00:00,47.0
2014-02-17 10:00:00,43.64
2014-02-17 11:00:00,38.5
2014-02-17 12:00:00,42.17
2014-02-17 13:00:00,40.4
2014-02-17 14:00:00,38.5
2014-02-17 15:00:00,37.98
2014-02-17 16:00:00,37.1
2014-02-17 17:00:00,50.81
2014-02-17 18:00:00,68.58
2014-02-17 19:00:00,99.0
2014-02-17 20:00:00,99.0
2014-02-17 21:00:00,110.0
2014-02-17 22:00:00,63.52
2014-02-17 23:00:00,42.4
2014-02-18 00:00:00,46.0
2014-02-18 01:00:00,36.4
2014-02-18 02:00:00,20.79
2014-02-18 03:00:00,20.75
2014-02-18 04:00:00,17.3
2014-02-18 05:00:00,20.9
2014-02-18 06:00:00,38.78
2014-02-18 07:00:00,55.0
2014-02-18 08:00:00,73.5
2014-02-18 09:00:00,89.99
2014-02-18 10:00:00,79.07
2014-02-18 11:00:00,67.5
2014-02-18 12:00:00,70.03
2014-02-18 13:00:00,49.25
2014-02-18 14:00:00,47.0
2014-02-18 15:00:00,36.91
2014-02-18 16:00:00,31.57
2014-02-18 17:00:00,34.47
2014-02-18 18:00:00,45.1
2014-02-18 19:00:00,49.25
2014-02-18 20:00:00,49.0
2014-02-18 21:00:00,42.79
2014-02-18 22:00:00,38.4
2014-02-18 23:00:00,29.1
2014-02-19 00:00:00,18.0
2014-02-19 01:00:00,8.0
2014-02-19 02:00:00,3.3
2014-02-19 03:00:00,3.0
2014-02-19 04:00:00,3.0
2014-02-19 05:00:00,3.1
2014-02-19 06:00:00,5.0
2014-02-19 07:00:00,22.0
2014-02-19 08:00:00,35.0
2014-02-19 09:00:00,39.95
2014-02-19 10:00:00,37.3
2014-02-19 11:00:00,32.13
2014-02-19 12:00:00,37.3
2014-02-19 13:00:00,34.0
2014-02-19 14:00:00,29.49
2014-02-19 15:00:00,29.34
2014-02-19 16:00:00,29.33
2014-02-19 17:00:00,34.47
2014-02-19 18:00:00,42.0
2014-02-19 19:00:00,57.47
2014-02-19 20:00:00,48.0
2014-02-19 21:00:00,47.0
2014-02-19 22:00:00,37.3
2014-02-19 23:00:00,20.0
2014-02-20 00:00:00,7.0
2014-02-20 01:00:00,5.0
2014-02-20 02:00:00,1.0
2014-02-20 03:00:00,0.2
2014-02-20 04:00:00,0.1
2014-02-20 05:00:00,0.2
2014-02-20 06:00:00,2.0
2014-02-20 07:00:00,7.0
2014-02-20 08:00:00,16.0
2014-02-20 09:00:00,27.0
2014-02-20 10:00:00,20.0
2014-02-20 11:00:00,16.0
2014-02-20 12:00:00,13.43
2014-02-20 13:00:00,7.0
2014-02-20 14:00:00,5.0
2014-02-20 15:00:00,4.0
2014-02-20 16:00:00,3.1
2014-02-20 17:00:00,5.0
2014-02-20 18:00:00,7.01
2014-02-20 19:00:00,24.01
2014-02-20 20:00:00,30.94
2014-02-20 21:00:00,30.0
2014-02-20 22:00:00,12.0
2014-02-20 23:00:00,4.0
2014-02-21 00:00:00,5.5
2014-02-21 01:00:00,3.05
2014-02-21 02:00:00,0.01
2014-02-21 03:00:00,0.0
2014-02-21 04:00:00,0.0
2014-02-21 05:00:00,0.07
2014-02-21 06:00:00,3.0
2014-02-21 07:00:00,8.32
2014-02-21 08:00:00,13.43
2014-02-21 09:00:00,32.13
2014-02-21 10:00:00,34.47
2014-02-21 11:00:00,30.0
2014-02-21 12:00:00,24.0
2014-02-21 13:00:00,18.16
2014-02-21 14:00:00,10.03
2014-02-21 15:00:00,8.32
2014-02-21 16:00:00,8.35
2014-02-21 17:00:00,15.11
2014-02-21 18:00:00,34.47
2014-02-21 19:00:00,39.75
2014-02-21 20:00:00,38.0
2014-02-21 21:00:00,35.0
2014-02-21 22:00:00,20.0
2014-02-21 23:00:00,15.11
2014-02-22 00:00:00,49.0
2014-02-22 01:00:00,16.01
2014-02-22 02:00:00,12.3
2014-02-22 03:00:00,12.1
2014-02-22 04:00:00,10.01
2014-02-22 05:00:00,10.0
2014-02-22 06:00:00,10.0
2014-02-22 07:00:00,12.5
2014-02-22 08:00:00,1.0
2014-02-22 09:00:00,3.1
2014-02-22 10:00:00,5.0
2014-02-22 11:00:00,5.0
2014-02-22 12:00:00,5.0
2014-02-22 13:00:00,5.01
2014-02-22 14:00:00,5.01
2014-02-22 15:00:00,3.69
2014-02-22 16:00:00,3.3
2014-02-22 17:00:00,5.1
2014-02-22 18:00:00,36.87
2014-02-22 19:00:00,53.0
2014-02-22 20:00:00,52.0
2014-02-22 21:00:00,49.79
2014-02-22 22:00:00,38.0
2014-02-22 23:00:00,38.0
2014-02-23 00:00:00,21.5
2014-02-23 01:00:00,15.8
2014-02-23 02:00:00,6.5
2014-02-23 03:00:00,4.5
2014-02-23 04:00:00,1.5
2014-02-23 05:00:00,1.5
2014-02-23 06:00:00,1.5
2014-02-23 07:00:00,1.5
2014-02-23 08:00:00,0.5
2014-02-23 09:00:00,1.5
2014-02-23 10:00:00,2.0
2014-02-23 11:00:00,1.5
2014-02-23 12:00:00,1.5
2014-02-23 13:00:00,0.5
2014-02-23 14:00:00,0.07
2014-02-23 15:00:00,0.0
2014-02-23 16:00:00,0.0
2014-02-23 17:00:00,0.0
2014-02-23 18:00:00,6.04
2014-02-23 19:00:00,14.0
2014-02-23 20:00:00,15.1
2014-02-23 21:00:00,20.0
2014-02-23 22:00:00,19.44
2014-02-23 23:00:00,14.5
2014-02-24 00:00:00,13.1
2014-02-24 01:00:00,10.8
2014-02-24 02:00:00,0.5
2014-02-24 03:00:00,0.6
2014-02-24 04:00:00,1.0
2014-02-24 05:00:00,7.0
2014-02-24 06:00:00,18.06
2014-02-24 07:00:00,36.32
2014-02-24 08:00:00,48.0
2014-02-24 09:00:00,73.1
2014-02-24 10:00:00,48.0
2014-02-24 11:00:00,40.59
2014-02-24 12:00:00,45.01
2014-02-24 13:00:00,38.0
2014-02-24 14:00:00,35.01
2014-02-24 15:00:00,31.0
2014-02-24 16:00:00,30.0
2014-02-24 17:00:00,31.84
2014-02-24 18:00:00,41.1
2014-02-24 19:00:00,89.1
2014-02-24 20:00:00,90.0
2014-02-24 21:00:00,49.0
2014-02-24 22:00:00,35.1
2014-02-24 23:00:00,20.0
2014-02-25 00:00:00,16.3
2014-02-25 01:00:00,5.0
2014-02-25 02:00:00,3.3
2014-02-25 03:00:00,3.0
2014-02-25 04:00:00,2.01
2014-02-25 05:00:00,3.0
2014-02-25 06:00:00,6.0
2014-02-25 07:00:00,21.2
2014-02-25 08:00:00,22.3
2014-02-25 09:00:00,25.13
2014-02-25 10:00:00,24.0
2014-02-25 11:00:00,22.3
2014-02-25 12:00:00,22.5
2014-02-25 13:00:00,21.3
2014-02-25 14:00:00,21.2
2014-02-25 15:00:00,19.6
2014-02-25 16:00:00,18.79
2014-02-25 17:00:00,21.3
2014-02-25 18:00:00,22.5
2014-02-25 19:00:00,28.8
2014-02-25 20:00:00,30.0
2014-02-25 21:00:00,30.0
2014-02-25 22:00:00,21.41
2014-02-25 23:00:00,18.79
2014-02-26 00:00:00,10.0
2014-02-26 01:00:00,5.0
2014-02-26 02:00:00,3.0
2014-02-26 03:00:00,2.5
2014-02-26 04:00:00,3.0
2014-02-26 05:00:00,4.5
2014-02-26 06:00:00,11.0
2014-02-26 07:00:00,26.47
2014-02-26 08:00:00,28.01
2014-02-26 09:00:00,30.8
2014-02-26 10:00:00,30.8
2014-02-26 11:00:00,28.91
2014-02-26 12:00:00,30.0
2014-02-26 13:00:00,28.94
2014-02-26 14:00:00,26.0
2014-02-26 15:00:00,22.4
2014-02-26 16:00:00,23.0
2014-02-26 17:00:00,26.96
2014-02-26 18:00:00,30.0
2014-02-26 19:00:00,38.0
2014-02-26 20:00:00,49.0
2014-02-26 21:00:00,48.0
2014-02-26 22:00:00,37.3
2014-02-26 23:00:00,27.03
2014-02-27 00:00:00,26.0
2014-02-27 01:00:00,17.2
2014-02-27 02:00:00,13.5
2014-02-27 03:00:00,12.1
2014-02-27 04:00:00,11.0
2014-02-27 05:00:00,13.69
2014-02-27 06:00:00,15.2
2014-02-27 07:00:00,27.0
2014-02-27 08:00:00,28.01
2014-02-27 09:00:00,33.33
2014-02-27 10:00:00,31.5
2014-02-27 11:00:00,31.0
2014-02-27 12:00:00,38.0
2014-02-27 13:00:00,41.0
2014-02-27 14:00:00,38.0
2014-02-27 15:00:00,30.8
2014-02-27 16:00:00,30.0
2014-02-27 17:00:00,33.44
2014-02-27 18:00:00,40.1
2014-02-27 19:00:00,48.0
2014-02-27 20:00:00,41.3
2014-02-27 21:00:00,36.81
2014-02-27 22:00:00,30.0
2014-02-27 23:00:00,22.4
2014-02-28 00:00:00,5.78
2014-02-28 01:00:00,4.13
2014-02-28 02:00:00,2.0
2014-02-28 03:00:00,0.5
2014-02-28 04:00:00,0.01
2014-02-28 05:00:00,0.5
2014-02-28 06:00:00,1.5
2014-02-28 07:00:00,8.03
2014-02-28 08:00:00,9.0
2014-02-28 09:00:00,8.2
2014-02-28 10:00:00,7.23
2014-02-28 11:00:00,6.01
2014-02-28 12:00:00,5.78
2014-02-28 13:00:00,4.34
2014-02-28 14:00:00,2.9
2014-02-28 15:00:00,4.34
2014-02-28 16:00:00,4.34
2014-02-28 17:00:00,5.0
2014-02-28 18:00:00,5.78
2014-02-28 19:00:00,9.0
2014-02-28 20:00:00,11.0
2014-02-28 21:00:00,13.0
2014-02-28 22:00:00,9.3
2014-02-28 23:00:00,9.14
2014-03-01 00:00:00,4.73
2014-03-01 01:00:00,4.13
2014-03-01 02:00:00,2.0
2014-03-01 03:00:00,1.5
2014-03-01 04:00:00,1.0
2014-03-01 05:00:00,0.1
2014-03-01 06:00:00,0.6
2014-03-01 07:00:00,1.0
2014-03-01 08:00:00,0.1
2014-03-01 09:00:00,3.0
2014-03-01 10:00:00,4.5
2014-03-01 11:00:00,3.63
2014-03-01 12:00:00,2.01
2014-03-01 13:00:00,2.0
2014-03-01 14:00:00,2.01
2014-03-01 15:00:00,1.89
2014-03-01 16:00:00,0.6
2014-03-01 17:00:00,0.1
2014-03-01 18:00:00,2.0
2014-03-01 19:00:00,3.76
2014-03-01 20:00:00,3.53
2014-03-01 21:00:00,5.0
2014-03-01 22:00:00,3.53
2014-03-01 23:00:00,2.01
2014-03-02 00:00:00,1.19
2014-03-02 01:00:00,1.0
2014-03-02 02:00:00,0.0
2014-03-02 03:00:00,0.0
2014-03-02 04:00:00,0.0
2014-03-02 05:00:00,0.0
2014-03-02 06:00:00,0.0
2014-03-02 07:00:00,0.0
2014-03-02 08:00:00,0.0
2014-03-02 09:00:00,0.0
2014-03-02 10:00:00,1.0
2014-03-02 11:00:00,1.5
2014-03-02 12:00:00,2.01
2014-03-02 13:00:00,1.36
2014-03-02 14:00:00,1.0
2014-03-02 15:00:00,0.1
2014-03-02 16:00:00,0.0
2014-03-02 17:00:00,0.0
2014-03-02 18:00:00,0.0
2014-03-02 19:00:00,1.5
2014-03-02 20:00:00,2.5
2014-03-02 21:00:00,2.53
2014-03-02 22:00:00,2.0
2014-03-02 23:00:00,1.0
2014-03-03 00:00:00,0.0
2014-03-03 01:00:00,0.0
2014-03-03 02:00:00,0.0
2014-03-03 03:00:00,0.0
2014-03-03 04:00:00,0.0
2014-03-03 05:00:00,0.0
2014-03-03 06:00:00,0.0
2014-03-03 07:00:00,0.5
2014-03-03 08:00:00,1.01
2014-03-03 09:00:00,2.52
2014-03-03 10:00:00,2.0
2014-03-03 11:00:00,1.0
2014-03-03 12:00:00,1.0
2014-03-03 13:00:00,1.19
2014-03-03 14:00:00,1.0
2014-03-03 15:00:00,0.48
2014-03-03 16:00:00,0.5
2014-03-03 17:00:00,1.0
2014-03-03 18:00:00,1.0
2014-03-03 19:00:00,4.5
2014-03-03 20:00:00,5.0
2014-03-03 21:00:00,4.5
2014-03-03 22:00:00,2.25
2014-03-03 23:00:00,1.0
2014-03-04 00:00:00,1.0
2014-03-04 01:00:00,0.0
2014-03-04 02:00:00,0.0
2014-03-04 03:00:00,0.0
2014-03-04 04:00:00,0.0
2014-03-04 05:00:00,0.0
2014-03-04 06:00:00,0.0
2014-03-04 07:00:00,2.25
2014-03-04 08:00:00,3.41
2014-03-04 09:00:00,4.0
2014-03-04 10:00:00,2.9
2014-03-04 11:00:00,2.25
2014-03-04 12:00:00,2.79
2014-03-04 13:00:00,2.63
2014-03-04 14:00:00,1.69
2014-03-04 15:00:00,1.0
2014-03-04 16:00:00,1.0
2014-03-04 17:00:00,2.52
2014-03-04 18:00:00,4.34
2014-03-04 19:00:00,8.68
2014-03-04 20:00:00,8.7
2014-03-04 21:00:00,9.38
2014-03-04 22:00:00,6.5
2014-03-04 23:00:00,3.14
2014-03-05 00:00:00,2.0
2014-03-05 01:00:00,0.5
2014-03-05 02:00:00,0.0
2014-03-05 03:00:00,0.0
2014-03-05 04:00:00,0.0
2014-03-05 05:00:00,0.1
2014-03-05 06:00:00,1.26
2014-03-05 07:00:00,9.6
2014-03-05 08:00:00,13.98
2014-03-05 09:00:00,19.0
2014-03-05 10:00:00,15.5
2014-03-05 11:00:00,11.0
2014-03-05 12:00:00,15.0
2014-03-05 13:00:00,15.5
2014-03-05 14:00:00,10.0
2014-03-05 15:00:00,9.0
2014-03-05 16:00:00,9.5
2014-03-05 17:00:00,19.9
2014-03-05 18:00:00,33.0
2014-03-05 19:00:00,50.0
2014-03-05 20:00:00,55.0
2014-03-05 21:00:00,48.0
2014-03-05 22:00:00,37.65
2014-03-05 23:00:00,26.8
2014-03-06 00:00:00,35.1
2014-03-06 01:00:00,33.0
2014-03-06 02:00:00,23.32
2014-03-06 03:00:00,24.1
2014-03-06 04:00:00,22.45
2014-03-06 05:00:00,24.1
2014-03-06 06:00:00,31.0
2014-03-06 07:00:00,48.3
2014-03-06 08:00:00,50.1
2014-03-06 09:00:00,50.1
2014-03-06 10:00:00,47.0
2014-03-06 11:00:00,46.4
2014-03-06 12:00:00,47.0
2014-03-06 13:00:00,46.75
2014-03-06 14:00:00,42.33
2014-03-06 15:00:00,39.12
2014-03-06 16:00:00,39.12
2014-03-06 17:00:00,43.71
2014-03-06 18:00:00,55.0
2014-03-06 19:00:00,79.99
2014-03-06 20:00:00,90.0
2014-03-06 21:00:00,83.7
2014-03-06 22:00:00,48.3
2014-03-06 23:00:00,46.31
2014-03-07 00:00:00,36.4
2014-03-07 01:00:00,30.92
2014-03-07 02:00:00,27.68
2014-03-07 03:00:00,26.3
2014-03-07 04:00:00,26.0
2014-03-07 05:00:00,29.1
2014-03-07 06:00:00,31.73
2014-03-07 07:00:00,50.51
2014-03-07 08:00:00,50.1
2014-03-07 09:00:00,51.62
2014-03-07 10:00:00,47.01
2014-03-07 11:00:00,44.23
2014-03-07 12:00:00,45.69
2014-03-07 13:00:00,43.0
2014-03-07 14:00:00,40.1
2014-03-07 15:00:00,36.4
2014-03-07 16:00:00,35.13
2014-03-07 17:00:00,42.0
2014-03-07 18:00:00,49.0
2014-03-07 19:00:00,60.13
2014-03-07 20:00:00,60.8
2014-03-07 21:00:00,58.48
2014-03-07 22:00:00,47.0
2014-03-07 23:00:00,40.26
2014-03-08 00:00:00,33.7
2014-03-08 01:00:00,20.69
2014-03-08 02:00:00,15.1
2014-03-08 03:00:00,13.01
2014-03-08 04:00:00,5.13
2014-03-08 05:00:00,2.9
2014-03-08 06:00:00,4.9
2014-03-08 07:00:00,14.9
2014-03-08 08:00:00,5.9
2014-03-08 09:00:00,15.5
2014-03-08 10:00:00,15.69
2014-03-08 11:00:00,15.69
2014-03-08 12:00:00,15.1
2014-03-08 13:00:00,15.0
2014-03-08 14:00:00,14.9
2014-03-08 15:00:00,5.9
2014-03-08 16:00:00,5.0
2014-03-08 17:00:00,10.0
2014-03-08 18:00:00,18.17
2014-03-08 19:00:00,30.0
2014-03-08 20:00:00,26.0
2014-03-08 21:00:00,21.23
2014-03-08 22:00:00,18.97
2014-03-08 23:00:00,16.0
2014-03-09 00:00:00,11.0
2014-03-09 01:00:00,6.0
2014-03-09 02:00:00,2.0
2014-03-09 03:00:00,0.5
2014-03-09 04:00:00,0.0
2014-03-09 05:00:00,0.0
2014-03-09 06:00:00,0.0
2014-03-09 07:00:00,0.1
2014-03-09 08:00:00,0.0
2014-03-09 09:00:00,0.01
2014-03-09 10:00:00,1.0
2014-03-09 11:00:00,1.0
2014-03-09 12:00:00,1.9
2014-03-09 13:00:00,2.0
2014-03-09 14:00:00,2.0
2014-03-09 15:00:00,2.01
2014-03-09 16:00:00,2.9
2014-03-09 17:00:00,5.0
2014-03-09 18:00:00,18.04
2014-03-09 19:00:00,32.7
2014-03-09 20:00:00,33.01
2014-03-09 21:00:00,34.2
2014-03-09 22:00:00,33.02
2014-03-09 23:00:00,29.0
2014-03-10 00:00:00,22.69
2014-03-10 01:00:00,15.1
2014-03-10 02:00:00,8.8
2014-03-10 03:00:00,9.9
2014-03-10 04:00:00,10.0
2014-03-10 05:00:00,11.5
2014-03-10 06:00:00,19.49
2014-03-10 07:00:00,46.1
2014-03-10 08:00:00,47.02
2014-03-10 09:00:00,46.1
2014-03-10 10:00:00,40.0
2014-03-10 11:00:00,38.0
2014-03-10 12:00:00,37.6
2014-03-10 13:00:00,37.3
2014-03-10 14:00:00,34.2
2014-03-10 15:00:00,31.69
2014-03-10 16:00:00,34.2
2014-03-10 17:00:00,38.4
2014-03-10 18:00:00,45.69
2014-03-10 19:00:00,50.54
2014-03-10 20:00:00,46.1
2014-03-10 21:00:00,39.9
2014-03-10 22:00:00,35.0
2014-03-10 23:00:00,27.69
2014-03-11 00:00:00,20.0
2014-03-11 01:00:00,14.9
2014-03-11 02:00:00,6.8
2014-03-11 03:00:00,7.0
2014-03-11 04:00:00,7.14
2014-03-11 05:00:00,11.0
2014-03-11 06:00:00,18.4
2014-03-11 07:00:00,36.3
2014-03-11 08:00:00,39.3
2014-03-11 09:00:00,39.8
2014-03-11 10:00:00,37.0
2014-03-11 11:00:00,36.3
2014-03-11 12:00:00,36.3
2014-03-11 13:00:00,36.2
2014-03-11 14:00:00,33.67
2014-03-11 15:00:00,30.9
2014-03-11 16:00:00,30.9
2014-03-11 17:00:00,33.2
2014-03-11 18:00:00,39.3
2014-03-11 19:00:00,45.9
2014-03-11 20:00:00,39.8
2014-03-11 21:00:00,37.2
2014-03-11 22:00:00,33.2
2014-03-11 23:00:00,29.45
2014-03-12 00:00:00,29.7
2014-03-12 01:00:00,29.55
2014-03-12 02:00:00,29.4
2014-03-12 03:00:00,29.54
2014-03-12 04:00:00,29.51
2014-03-12 05:00:00,31.9
2014-03-12 06:00:00,35.69
2014-03-12 07:00:00,40.0
2014-03-12 08:00:00,42.0
2014-03-12 09:00:00,41.69
2014-03-12 10:00:00,39.6
2014-03-12 11:00:00,37.1
2014-03-12 12:00:00,37.4
2014-03-12 13:00:00,35.69
2014-03-12 14:00:00,36.0
2014-03-12 15:00:00,35.0
2014-03-12 16:00:00,35.69
2014-03-12 17:00:00,38.85
2014-03-12 18:00:00,43.0
2014-03-12 19:00:00,60.0
2014-03-12 20:00:00,53.13
2014-03-12 21:00:00,49.0
2014-03-12 22:00:00,43.86
2014-03-12 23:00:00,39.5
2014-03-13 00:00:00,37.0
2014-03-13 01:00:00,34.6
2014-03-13 02:00:00,29.57
2014-03-13 03:00:00,29.55
2014-03-13 04:00:00,29.52
2014-03-13 05:00:00,33.69
2014-03-13 06:00:00,37.9
2014-03-13 07:00:00,45.54
2014-03-13 08:00:00,46.19
2014-03-13 09:00:00,45.8
2014-03-13 10:00:00,42.02
2014-03-13 11:00:00,40.0
2014-03-13 12:00:00,40.51
2014-03-13 13:00:00,40.0
2014-03-13 14:00:00,39.3
2014-03-13 15:00:00,37.69
2014-03-13 16:00:00,37.69
2014-03-13 17:00:00,39.6
2014-03-13 18:00:00,46.0
2014-03-13 19:00:00,60.13
2014-03-13 20:00:00,60.0
2014-03-13 21:00:00,55.02
2014-03-13 22:00:00,46.0
2014-03-13 23:00:00,39.9
2014-03-14 00:00:00,39.0
2014-03-14 01:00:00,34.6
2014-03-14 02:00:00,29.22
2014-03-14 03:00:00,30.0
2014-03-14 04:00:00,30.0
2014-03-14 05:00:00,33.0
2014-03-14 06:00:00,40.5
2014-03-14 07:00:00,46.0
2014-03-14 08:00:00,46.9
2014-03-14 09:00:00,46.0
2014-03-14 10:00:00,44.5
2014-03-14 11:00:00,42.1
2014-03-14 12:00:00,45.03
2014-03-14 13:00:00,44.17
2014-03-14 14:00:00,42.02
2014-03-14 15:00:00,41.0
2014-03-14 16:00:00,40.51
2014-03-14 17:00:00,41.9
2014-03-14 18:00:00,45.54
2014-03-14 19:00:00,47.44
2014-03-14 20:00:00,48.02
2014-03-14 21:00:00,46.0
2014-03-14 22:00:00,44.17
2014-03-14 23:00:00,40.51
2014-03-15 00:00:00,35.7
2014-03-15 01:00:00,36.03
2014-03-15 02:00:00,33.0
2014-03-15 03:00:00,32.0
2014-03-15 04:00:00,29.6
2014-03-15 05:00:00,29.12
2014-03-15 06:00:00,29.01
2014-03-15 07:00:00,29.01
2014-03-15 08:00:00,26.9
2014-03-15 09:00:00,29.0
2014-03-15 10:00:00,29.2
2014-03-15 11:00:00,29.2
2014-03-15 12:00:00,29.01
2014-03-15 13:00:00,26.9
2014-03-15 14:00:00,28.0
2014-03-15 15:00:00,24.3
2014-03-15 16:00:00,20.0
2014-03-15 17:00:00,24.3
2014-03-15 18:00:00,30.0
2014-03-15 19:00:00,34.0
2014-03-15 20:00:00,33.01
2014-03-15 21:00:00,33.0
2014-03-15 22:00:00,31.01
2014-03-15 23:00:00,29.21
2014-03-16 00:00:00,23.2
2014-03-16 01:00:00,18.01
2014-03-16 02:00:00,7.0
2014-03-16 03:00:00,6.4
2014-03-16 04:00:00,6.4
2014-03-16 05:00:00,7.0
2014-03-16 06:00:00,8.1
2014-03-16 07:00:00,10.0
2014-03-16 08:00:00,8.1
2014-03-16 09:00:00,7.0
2014-03-16 10:00:00,8.0
2014-03-16 11:00:00,14.01
2014-03-16 12:00:00,15.0
2014-03-16 13:00:00,10.0
2014-03-16 14:00:00,10.0
2014-03-16 15:00:00,8.1
2014-03-16 16:00:00,8.1
2014-03-16 17:00:00,14.99
2014-03-16 18:00:00,21.0
2014-03-16 19:00:00,33.0
2014-03-16 20:00:00,39.4
2014-03-16 21:00:00,40.0
2014-03-16 22:00:00,39.4
2014-03-16 23:00:00,33.04
2014-03-17 00:00:00,35.01
2014-03-17 01:00:00,34.5
2014-03-17 02:00:00,26.7
2014-03-17 03:00:00,30.04
2014-03-17 04:00:00,31.04
2014-03-17 05:00:00,35.0
2014-03-17 06:00:00,38.4
2014-03-17 07:00:00,45.02
2014-03-17 08:00:00,47.69
2014-03-17 09:00:00,47.19
2014-03-17 10:00:00,45.0
2014-03-17 11:00:00,44.69
2014-03-17 12:00:00,45.02
2014-03-17 13:00:00,45.0
2014-03-17 14:00:00,44.17
2014-03-17 15:00:00,43.0
2014-03-17 16:00:00,43.0
2014-03-17 17:00:00,44.0
2014-03-17 18:00:00,46.59
2014-03-17 19:00:00,62.8
2014-03-17 20:00:00,90.0
2014-03-17 21:00:00,75.69
2014-03-17 22:00:00,51.69
2014-03-17 23:00:00,43.5
2014-03-18 00:00:00,43.56
2014-03-18 01:00:00,39.0
2014-03-18 02:00:00,34.5
2014-03-18 03:00:00,34.6
2014-03-18 04:00:00,33.4
2014-03-18 05:00:00,33.13
2014-03-18 06:00:00,39.0
2014-03-18 07:00:00,44.17
2014-03-18 08:00:00,46.0
2014-03-18 09:00:00,46.0
2014-03-18 10:00:00,43.56
2014-03-18 11:00:00,41.26
2014-03-18 12:00:00,43.0
2014-03-18 13:00:00,41.26
2014-03-18 14:00:00,39.0
2014-03-18 15:00:00,35.0
2014-03-18 16:00:00,34.5
2014-03-18 17:00:00,35.0
2014-03-18 18:00:00,39.0
2014-03-18 19:00:00,42.53
2014-03-18 20:00:00,41.69
2014-03-18 21:00:00,38.52
2014-03-18 22:00:00,36.01
2014-03-18 23:00:00,30.0
2014-03-19 00:00:00,22.0
2014-03-19 01:00:00,16.0
2014-03-19 02:00:00,6.0
2014-03-19 03:00:00,8.0
2014-03-19 04:00:00,8.0
2014-03-19 05:00:00,10.4
2014-03-19 06:00:00,20.09
2014-03-19 07:00:00,30.0
2014-03-19 08:00:00,36.0
2014-03-19 09:00:00,40.0
2014-03-19 10:00:00,40.0
2014-03-19 11:00:00,39.41
2014-03-19 12:00:00,41.69
2014-03-19 13:00:00,41.26
2014-03-19 14:00:00,41.26
2014-03-19 15:00:00,40.0
2014-03-19 16:00:00,40.4
2014-03-19 17:00:00,41.69
2014-03-19 18:00:00,44.6
2014-03-19 19:00:00,50.0
2014-03-19 20:00:00,50.9
2014-03-19 21:00:00,60.0
2014-03-19 22:00:00,46.69
2014-03-19 23:00:00,42.38
2014-03-20 00:00:00,42.3
2014-03-20 01:00:00,40.6
2014-03-20 02:00:00,36.01
2014-03-20 03:00:00,35.4
2014-03-20 04:00:00,33.4
2014-03-20 05:00:00,34.2
2014-03-20 06:00:00,40.0
2014-03-20 07:00:00,43.02
2014-03-20 08:00:00,45.69
2014-03-20 09:00:00,45.78
2014-03-20 10:00:00,43.34
2014-03-20 11:00:00,43.0
2014-03-20 12:00:00,44.03
2014-03-20 13:00:00,43.56
2014-03-20 14:00:00,42.1
2014-03-20 15:00:00,40.7
2014-03-20 16:00:00,40.44
2014-03-20 17:00:00,41.5
2014-03-20 18:00:00,42.69
2014-03-20 19:00:00,45.01
2014-03-20 20:00:00,46.0
2014-03-20 21:00:00,46.0
2014-03-20 22:00:00,41.26
2014-03-20 23:00:00,34.2
2014-03-21 00:00:00,31.15
2014-03-21 01:00:00,25.69
2014-03-21 02:00:00,20.0
2014-03-21 03:00:00,20.0
2014-03-21 04:00:00,22.0
2014-03-21 05:00:00,25.69
2014-03-21 06:00:00,29.21
2014-03-21 07:00:00,40.69
2014-03-21 08:00:00,43.0
2014-03-21 09:00:00,41.26
2014-03-21 10:00:00,40.9
2014-03-21 11:00:00,40.0
2014-03-21 12:00:00,40.0
2014-03-21 13:00:00,39.0
2014-03-21 14:00:00,38.01
2014-03-21 15:00:00,30.1
2014-03-21 16:00:00,30.0
2014-03-21 17:00:00,35.5
2014-03-21 18:00:00,40.69
2014-03-21 19:00:00,45.13
2014-03-21 20:00:00,43.56
2014-03-21 21:00:00,41.26
2014-03-21 22:00:00,40.79
2014-03-21 23:00:00,37.5
2014-03-22 00:00:00,36.1
2014-03-22 01:00:00,26.3
2014-03-22 02:00:00,16.0
2014-03-22 03:00:00,17.13
2014-03-22 04:00:00,16.0
2014-03-22 05:00:00,18.0
2014-03-22 06:00:00,21.2
2014-03-22 07:00:00,22.0
2014-03-22 08:00:00,22.1
2014-03-22 09:00:00,22.1
2014-03-22 10:00:00,23.4
2014-03-22 11:00:00,18.0
2014-03-22 12:00:00,13.2
2014-03-22 13:00:00,11.0
2014-03-22 14:00:00,7.04
2014-03-22 15:00:00,5.0
2014-03-22 16:00:00,3.0
2014-03-22 17:00:00,5.0
2014-03-22 18:00:00,11.0
2014-03-22 19:00:00,21.36
2014-03-22 20:00:00,23.43
2014-03-22 21:00:00,29.87
2014-03-22 22:00:00,24.01
2014-03-22 23:00:00,22.12
2014-03-23 00:00:00,17.0
2014-03-23 01:00:00,13.5
2014-03-23 02:00:00,9.17
2014-03-23 03:00:00,7.04
2014-03-23 04:00:00,7.04
2014-03-23 05:00:00,8.0
2014-03-23 06:00:00,9.01
2014-03-23 07:00:00,8.25
2014-03-23 08:00:00,7.04
2014-03-23 09:00:00,6.01
2014-03-23 10:00:00,8.0
2014-03-23 11:00:00,9.01
2014-03-23 12:00:00,11.0
2014-03-23 13:00:00,11.0
2014-03-23 14:00:00,12.0
2014-03-23 15:00:00,12.0
2014-03-23 16:00:00,13.0
2014-03-23 17:00:00,15.5
2014-03-23 18:00:00,26.3
2014-03-23 19:00:00,37.4
2014-03-23 20:00:00,43.56
2014-03-23 21:00:00,46.0
2014-03-23 22:00:00,45.01
2014-03-23 23:00:00,39.0
2014-03-24 00:00:00,36.0
2014-03-24 01:00:00,29.5
2014-03-24 02:00:00,22.3
2014-03-24 03:00:00,22.1
2014-03-24 04:00:00,20.8
2014-03-24 05:00:00,23.4
2014-03-24 06:00:00,29.11
2014-03-24 07:00:00,34.02
2014-03-24 08:00:00,37.5
2014-03-24 09:00:00,37.03
2014-03-24 10:00:00,36.1
2014-03-24 11:00:00,36.0
2014-03-24 12:00:00,35.34
2014-03-24 13:00:00,31.0
2014-03-24 14:00:00,29.6
2014-03-24 15:00:00,27.0
2014-03-24 16:00:00,22.02
2014-03-24 17:00:00,23.4
2014-03-24 18:00:00,29.0
2014-03-24 19:00:00,30.0
2014-03-24 20:00:00,33.01
2014-03-24 21:00:00,30.4
2014-03-24 22:00:00,29.16
2014-03-24 23:00:00,17.01
2014-03-25 00:00:00,10.03
2014-03-25 01:00:00,9.15
2014-03-25 02:00:00,6.0
2014-03-25 03:00:00,5.0
2014-03-25 04:00:00,4.1
2014-03-25 05:00:00,6.0
2014-03-25 06:00:00,7.04
2014-03-25 07:00:00,14.0
2014-03-25 08:00:00,16.75
2014-03-25 09:00:00,16.0
2014-03-25 10:00:00,9.35
2014-03-25 11:00:00,7.54
2014-03-25 12:00:00,8.03
2014-03-25 13:00:00,7.04
2014-03-25 14:00:00,7.0
2014-03-25 15:00:00,6.0
2014-03-25 16:00:00,6.0
2014-03-25 17:00:00,7.0
2014-03-25 18:00:00,9.9
2014-03-25 19:00:00,14.01
2014-03-25 20:00:00,18.0
2014-03-25 21:00:00,17.5
2014-03-25 22:00:00,12.13
2014-03-25 23:00:00,8.0
2014-03-26 00:00:00,6.0
2014-03-26 01:00:00,5.0
2014-03-26 02:00:00,2.5
2014-03-26 03:00:00,2.0
2014-03-26 04:00:00,2.0
2014-03-26 05:00:00,3.0
2014-03-26 06:00:00,6.0
2014-03-26 07:00:00,11.0
2014-03-26 08:00:00,14.0
2014-03-26 09:00:00,16.25
2014-03-26 10:00:00,16.01
2014-03-26 11:00:00,15.5
2014-03-26 12:00:00,16.01
2014-03-26 13:00:00,15.6
2014-03-26 14:00:00,13.0
2014-03-26 15:00:00,11.0
2014-03-26 16:00:00,14.0
2014-03-26 17:00:00,16.27
2014-03-26 18:00:00,23.4
2014-03-26 19:00:00,33.8
2014-03-26 20:00:00,40.2
2014-03-26 21:00:00,40.2
2014-03-26 22:00:00,39.0
2014-03-26 23:00:00,34.01
2014-03-27 00:00:00,38.0
2014-03-27 01:00:00,37.4
2014-03-27 02:00:00,36.1
2014-03-27 03:00:00,36.1
2014-03-27 04:00:00,36.98
2014-03-27 05:00:00,39.5
2014-03-27 06:00:00,42.5
2014-03-27 07:00:00,48.34
2014-03-27 08:00:00,54.8
2014-03-27 09:00:00,56.1
2014-03-27 10:00:00,52.61
2014-03-27 11:00:00,51.79
2014-03-27 12:00:00,52.1
2014-03-27 13:00:00,49.39
2014-03-27 14:00:00,47.46
2014-03-27 15:00:00,45.0
2014-03-27 16:00:00,45.13
2014-03-27 17:00:00,48.93
2014-03-27 18:00:00,55.13
2014-03-27 19:00:00,113.92
2014-03-27 20:00:00,95.0
2014-03-27 21:00:00,70.0
2014-03-27 22:00:00,46.02
2014-03-27 23:00:00,38.69
2014-03-28 00:00:00,38.88
2014-03-28 01:00:00,30.13
2014-03-28 02:00:00,28.47
2014-03-28 03:00:00,28.36
2014-03-28 04:00:00,26.01
2014-03-28 05:00:00,28.43
2014-03-28 06:00:00,30.0
2014-03-28 07:00:00,36.1
2014-03-28 08:00:00,40.12
2014-03-28 09:00:00,41.0
2014-03-28 10:00:00,40.58
2014-03-28 11:00:00,40.22
2014-03-28 12:00:00,41.09
2014-03-28 13:00:00,40.2
2014-03-28 14:00:00,39.5
2014-03-28 15:00:00,35.93
2014-03-28 16:00:00,35.88
2014-03-28 17:00:00,36.4
2014-03-28 18:00:00,40.1
2014-03-28 19:00:00,43.0
2014-03-28 20:00:00,45.0
2014-03-28 21:00:00,43.66
2014-03-28 22:00:00,40.34
2014-03-28 23:00:00,39.5
2014-03-29 00:00:00,30.4
2014-03-29 01:00:00,26.21
2014-03-29 02:00:00,20.9
2014-03-29 03:00:00,25.0
2014-03-29 04:00:00,22.3
2014-03-29 05:00:00,22.9
2014-03-29 06:00:00,24.01
2014-03-29 07:00:00,24.9
2014-03-29 08:00:00,25.0
2014-03-29 09:00:00,28.33
2014-03-29 10:00:00,28.41
2014-03-29 11:00:00,25.23
2014-03-29 12:00:00,24.01
2014-03-29 13:00:00,23.03
2014-03-29 14:00:00,25.11
2014-03-29 15:00:00,22.66
2014-03-29 16:00:00,22.13
2014-03-29 17:00:00,25.11
2014-03-29 18:00:00,32.4
2014-03-29 19:00:00,35.02
2014-03-29 20:00:00,38.29
2014-03-29 21:00:00,40.0
2014-03-29 22:00:00,36.98
2014-03-29 23:00:00,34.88
2014-03-30 00:00:00,33.2
2014-03-30 01:00:00,31.1
2014-03-30 02:00:00,20.9
2014-03-30 03:00:00,20.9
2014-03-30 04:00:00,18.44
2014-03-30 05:00:00,16.2
2014-03-30 06:00:00,20.1
2014-03-30 07:00:00,20.9
2014-03-30 08:00:00,20.9
2014-03-30 09:00:00,22.9
2014-03-30 10:00:00,29.01
2014-03-30 11:00:00,27.56
2014-03-30 12:00:00,28.95
2014-03-30 13:00:00,25.01
2014-03-30 14:00:00,24.9
2014-03-30 15:00:00,20.8
2014-03-30 16:00:00,14.03
2014-03-30 17:00:00,16.0
2014-03-30 18:00:00,22.29
2014-03-30 19:00:00,28.0
2014-03-30 20:00:00,36.69
2014-03-30 21:00:00,39.5
2014-03-30 22:00:00,39.1
2014-03-30 23:00:00,34.1
2014-03-31 00:00:00,28.64
2014-03-31 01:00:00,28.48
2014-03-31 02:00:00,20.8
2014-03-31 03:00:00,21.92
2014-03-31 04:00:00,21.92
2014-03-31 05:00:00,25.0
2014-03-31 06:00:00,35.1
2014-03-31 07:00:00,40.01
2014-03-31 08:00:00,42.0
2014-03-31 09:00:00,42.02
2014-03-31 10:00:00,42.0
2014-03-31 11:00:00,41.26
2014-03-31 12:00:00,40.2
2014-03-31 13:00:00,40.1
2014-03-31 14:00:00,37.47
2014-03-31 15:00:00,35.4
2014-03-31 16:00:00,34.1
2014-03-31 17:00:00,35.4
2014-03-31 18:00:00,35.4
2014-03-31 19:00:00,41.26
2014-03-31 20:00:00,41.52
2014-03-31 21:00:00,39.5
2014-03-31 22:00:00,36.69
2014-03-31 23:00:00,29.07
2014-04-01 00:00:00,28.0
2014-04-01 01:00:00,20.8
2014-04-01 02:00:00,12.7
2014-04-01 03:00:00,10.13
2014-04-01 04:00:00,10.0
2014-04-01 05:00:00,10.0
2014-04-01 06:00:00,17.4
2014-04-01 07:00:00,20.9
2014-04-01 08:00:00,28.0
2014-04-01 09:00:00,31.0
2014-04-01 10:00:00,33.2
2014-04-01 11:00:00,30.0
2014-04-01 12:00:00,25.0
2014-04-01 13:00:00,27.0
2014-04-01 14:00:00,21.92
2014-04-01 15:00:00,20.13
2014-04-01 16:00:00,15.0
2014-04-01 17:00:00,17.4
2014-04-01 18:00:00,14.0
2014-04-01 19:00:00,20.0
2014-04-01 20:00:00,25.0
2014-04-01 21:00:00,26.03
2014-04-01 22:00:00,23.03
2014-04-01 23:00:00,23.4
2014-04-02 00:00:00,22.1
2014-04-02 01:00:00,16.25
2014-04-02 02:00:00,12.7
2014-04-02 03:00:00,16.0
2014-04-02 04:00:00,14.01
2014-04-02 05:00:00,20.8
2014-04-02 06:00:00,29.8
2014-04-02 07:00:00,34.0
2014-04-02 08:00:00,39.5
2014-04-02 09:00:00,42.02
2014-04-02 10:00:00,42.4
2014-04-02 11:00:00,42.01
2014-04-02 12:00:00,39.82
2014-04-02 13:00:00,39.5
2014-04-02 14:00:00,36.4
2014-04-02 15:00:00,36.69
2014-04-02 16:00:00,36.27
2014-04-02 17:00:00,37.55
2014-04-02 18:00:00,37.76
2014-04-02 19:00:00,40.85
2014-04-02 20:00:00,44.17
2014-04-02 21:00:00,50.0
2014-04-02 22:00:00,42.02
2014-04-02 23:00:00,39.5
2014-04-03 00:00:00,34.1
2014-04-03 01:00:00,29.5
2014-04-03 02:00:00,27.36
2014-04-03 03:00:00,27.13
2014-04-03 04:00:00,22.45
2014-04-03 05:00:00,20.9
2014-04-03 06:00:00,29.99
2014-04-03 07:00:00,40.3
2014-04-03 08:00:00,45.15
2014-04-03 09:00:00,45.17
2014-04-03 10:00:00,45.05
2014-04-03 11:00:00,41.0
2014-04-03 12:00:00,39.68
2014-04-03 13:00:00,37.88
2014-04-03 14:00:00,30.9
2014-04-03 15:00:00,27.13
2014-04-03 16:00:00,22.9
2014-04-03 17:00:00,16.0
2014-04-03 18:00:00,10.13
2014-04-03 19:00:00,22.9
2014-04-03 20:00:00,32.8
2014-04-03 21:00:00,34.1
2014-04-03 22:00:00,30.5
2014-04-03 23:00:00,21.9
2014-04-04 00:00:00,9.0
2014-04-04 01:00:00,6.0
2014-04-04 02:00:00,5.0
2014-04-04 03:00:00,4.9
2014-04-04 04:00:00,2.98
2014-04-04 05:00:00,2.99
2014-04-04 06:00:00,7.04
2014-04-04 07:00:00,12.0
2014-04-04 08:00:00,12.0
2014-04-04 09:00:00,16.0
2014-04-04 10:00:00,10.0
2014-04-04 11:00:00,8.8
2014-04-04 12:00:00,8.8
2014-04-04 13:00:00,10.35
2014-04-04 14:00:00,7.04
2014-04-04 15:00:00,7.5
2014-04-04 16:00:00,7.0
2014-04-04 17:00:00,7.04
2014-04-04 18:00:00,7.0
2014-04-04 19:00:00,9.0
2014-04-04 20:00:00,21.9
2014-04-04 21:00:00,25.01
2014-04-04 22:00:00,20.5
2014-04-04 23:00:00,15.0
2014-04-05 00:00:00,17.9
2014-04-05 01:00:00,18.35
2014-04-05 02:00:00,15.2
2014-04-05 03:00:00,11.0
2014-04-05 04:00:00,11.0
2014-04-05 05:00:00,11.0
2014-04-05 06:00:00,12.2
2014-04-05 07:00:00,15.9
2014-04-05 08:00:00,13.0
2014-04-05 09:00:00,19.69
2014-04-05 10:00:00,23.69
2014-04-05 11:00:00,22.84
2014-04-05 12:00:00,22.84
2014-04-05 13:00:00,23.69
2014-04-05 14:00:00,17.9
2014-04-05 15:00:00,15.1
2014-04-05 16:00:00,11.0
2014-04-05 17:00:00,11.0
2014-04-05 18:00:00,15.0
2014-04-05 19:00:00,24.15
2014-04-05 20:00:00,34.1
2014-04-05 21:00:00,39.01
2014-04-05 22:00:00,37.3
2014-04-05 23:00:00,34.1
2014-04-06 00:00:00,33.0
2014-04-06 01:00:00,29.69
2014-04-06 02:00:00,19.48
2014-04-06 03:00:00,22.6
2014-04-06 04:00:00,20.0
2014-04-06 05:00:00,20.0
2014-04-06 06:00:00,16.8
2014-04-06 07:00:00,16.8
2014-04-06 08:00:00,15.9
2014-04-06 09:00:00,16.8
2014-04-06 10:00:00,22.0
2014-04-06 11:00:00,20.5
2014-04-06 12:00:00,19.49
2014-04-06 13:00:00,19.5
2014-04-06 14:00:00,18.0
2014-04-06 15:00:00,15.9
2014-04-06 16:00:00,12.4
2014-04-06 17:00:00,15.0
2014-04-06 18:00:00,20.5
2014-04-06 19:00:00,27.8
2014-04-06 20:00:00,35.63
2014-04-06 21:00:00,40.4
2014-04-06 22:00:00,40.2
2014-04-06 23:00:00,37.2
2014-04-07 00:00:00,35.69
2014-04-07 01:00:00,25.0
2014-04-07 02:00:00,13.56
2014-04-07 03:00:00,7.0
2014-04-07 04:00:00,6.0
2014-04-07 05:00:00,16.8
2014-04-07 06:00:00,34.1
2014-04-07 07:00:00,37.5
2014-04-07 08:00:00,41.29
2014-04-07 09:00:00,44.06
2014-04-07 10:00:00,41.26
2014-04-07 11:00:00,39.01
2014-04-07 12:00:00,38.56
2014-04-07 13:00:00,38.2
2014-04-07 14:00:00,36.8
2014-04-07 15:00:00,36.8
2014-04-07 16:00:00,36.69
2014-04-07 17:00:00,37.45
2014-04-07 18:00:00,37.5
2014-04-07 19:00:00,39.35
2014-04-07 20:00:00,44.17
2014-04-07 21:00:00,45.17
2014-04-07 22:00:00,44.17
2014-04-07 23:00:00,38.69
2014-04-08 00:00:00,37.69
2014-04-08 01:00:00,33.4
2014-04-08 02:00:00,30.0
2014-04-08 03:00:00,30.01
2014-04-08 04:00:00,26.5
2014-04-08 05:00:00,26.55
2014-04-08 06:00:00,34.8
2014-04-08 07:00:00,39.34
2014-04-08 08:00:00,41.29
2014-04-08 09:00:00,41.35
2014-04-08 10:00:00,41.27
2014-04-08 11:00:00,38.69
2014-04-08 12:00:00,38.01
2014-04-08 13:00:00,37.69
2014-04-08 14:00:00,35.0
2014-04-08 15:00:00,35.0
2014-04-08 16:00:00,34.1
2014-04-08 17:00:00,34.1
2014-04-08 18:00:00,34.1
2014-04-08 19:00:00,37.5
2014-04-08 20:00:00,39.34
2014-04-08 21:00:00,40.4
2014-04-08 22:00:00,37.5
2014-04-08 23:00:00,32.1
2014-04-09 00:00:00,28.0
2014-04-09 01:00:00,17.9
2014-04-09 02:00:00,15.9
2014-04-09 03:00:00,16.2
2014-04-09 04:00:00,14.99
2014-04-09 05:00:00,15.0
2014-04-09 06:00:00,25.69
2014-04-09 07:00:00,34.1
2014-04-09 08:00:00,36.31
2014-04-09 09:00:00,38.26
2014-04-09 10:00:00,38.25
2014-04-09 11:00:00,37.5
2014-04-09 12:00:00,38.2
2014-04-09 13:00:00,39.4
2014-04-09 14:00:00,38.1
2014-04-09 15:00:00,37.8
2014-04-09 16:00:00,37.12
2014-04-09 17:00:00,37.5
2014-04-09 18:00:00,37.5
2014-04-09 19:00:00,37.5
2014-04-09 20:00:00,41.26
2014-04-09 21:00:00,41.49
2014-04-09 22:00:00,40.69
2014-04-09 23:00:00,37.12
2014-04-10 00:00:00,33.73
2014-04-10 01:00:00,30.0
2014-04-10 02:00:00,25.09
2014-04-10 03:00:00,25.49
2014-04-10 04:00:00,25.0
2014-04-10 05:00:00,25.69
2014-04-10 06:00:00,32.86
2014-04-10 07:00:00,34.6
2014-04-10 08:00:00,37.69
2014-04-10 09:00:00,38.69
2014-04-10 10:00:00,37.0
2014-04-10 11:00:00,34.5
2014-04-10 12:00:00,34.6
2014-04-10 13:00:00,35.03
2014-04-10 14:00:00,34.1
2014-04-10 15:00:00,35.0
2014-04-10 16:00:00,34.37
2014-04-10 17:00:00,34.7
2014-04-10 18:00:00,34.01
2014-04-10 19:00:00,34.7
2014-04-10 20:00:00,38.0
2014-04-10 21:00:00,40.69
2014-04-10 22:00:00,38.0
2014-04-10 23:00:00,35.0
2014-04-11 00:00:00,28.69
2014-04-11 01:00:00,26.54
2014-04-11 02:00:00,23.1
2014-04-11 03:00:00,26.51
2014-04-11 04:00:00,25.0
2014-04-11 05:00:00,25.0
2014-04-11 06:00:00,28.69
2014-04-11 07:00:00,30.01
2014-04-11 08:00:00,31.81
2014-04-11 09:00:00,34.78
2014-04-11 10:00:00,32.4
2014-04-11 11:00:00,30.9
2014-04-11 12:00:00,30.71
2014-04-11 13:00:00,30.69
2014-04-11 14:00:00,29.0
2014-04-11 15:00:00,28.29
2014-04-11 16:00:00,26.26
2014-04-11 17:00:00,26.16
2014-04-11 18:00:00,26.1
2014-04-11 19:00:00,28.68
2014-04-11 20:00:00,30.0
2014-04-11 21:00:00,31.76
2014-04-11 22:00:00,30.0
2014-04-11 23:00:00,28.68
2014-04-12 00:00:00,25.0
2014-04-12 01:00:00,14.2
2014-04-12 02:00:00,10.0
2014-04-12 03:00:00,8.8
2014-04-12 04:00:00,10.0
2014-04-12 05:00:00,10.0
2014-04-12 06:00:00,10.69
2014-04-12 07:00:00,12.0
2014-04-12 08:00:00,10.49
2014-04-12 09:00:00,14.2
2014-04-12 10:00:00,12.7
2014-04-12 11:00:00,12.6
2014-04-12 12:00:00,13.4
2014-04-12 13:00:00,13.35
2014-04-12 14:00:00,12.0
2014-04-12 15:00:00,12.0
2014-04-12 16:00:00,10.69
2014-04-12 17:00:00,10.0
2014-04-12 18:00:00,10.0
2014-04-12 19:00:00,8.8
2014-04-12 20:00:00,13.35
2014-04-12 21:00:00,25.0
2014-04-12 22:00:00,17.1
2014-04-12 23:00:00,13.35
2014-04-13 00:00:00,22.29
2014-04-13 01:00:00,9.0
2014-04-13 02:00:00,8.0
2014-04-13 03:00:00,9.0
2014-04-13 04:00:00,8.69
2014-04-13 05:00:00,8.0
2014-04-13 06:00:00,6.69
2014-04-13 07:00:00,6.0
2014-04-13 08:00:00,5.0
2014-04-13 09:00:00,5.0
2014-04-13 10:00:00,8.25
2014-04-13 11:00:00,8.69
2014-04-13 12:00:00,9.0
2014-04-13 13:00:00,10.0
2014-04-13 14:00:00,9.97
2014-04-13 15:00:00,7.0
2014-04-13 16:00:00,5.69
2014-04-13 17:00:00,5.69
2014-04-13 18:00:00,6.2
2014-04-13 19:00:00,14.65
2014-04-13 20:00:00,30.0
2014-04-13 21:00:00,35.4
2014-04-13 22:00:00,33.1
2014-04-13 23:00:00,25.78
2014-04-14 00:00:00,21.69
2014-04-14 01:00:00,11.0
2014-04-14 02:00:00,5.0
2014-04-14 03:00:00,5.0
2014-04-14 04:00:00,5.0
2014-04-14 05:00:00,6.0
2014-04-14 06:00:00,22.0
2014-04-14 07:00:00,25.69
2014-04-14 08:00:00,33.99
2014-04-14 09:00:00,36.4
2014-04-14 10:00:00,36.34
2014-04-14 11:00:00,33.0
2014-04-14 12:00:00,33.0
2014-04-14 13:00:00,33.0
2014-04-14 14:00:00,28.5
2014-04-14 15:00:00,28.02
2014-04-14 16:00:00,28.02
2014-04-14 17:00:00,30.0
2014-04-14 18:00:00,28.66
2014-04-14 19:00:00,30.2
2014-04-14 20:00:00,33.02
2014-04-14 21:00:00,41.26
2014-04-14 22:00:00,38.8
2014-04-14 23:00:00,33.01
2014-04-15 00:00:00,33.1
2014-04-15 01:00:00,31.3
2014-04-15 02:00:00,29.69
2014-04-15 03:00:00,30.0
2014-04-15 04:00:00,28.9
2014-04-15 05:00:00,31.0
2014-04-15 06:00:00,36.5
2014-04-15 07:00:00,38.34
2014-04-15 08:00:00,41.26
2014-04-15 09:00:00,41.5
2014-04-15 10:00:00,41.26
2014-04-15 11:00:00,40.4
2014-04-15 12:00:00,40.0
2014-04-15 13:00:00,39.07
2014-04-15 14:00:00,37.5
2014-04-15 15:00:00,37.5
2014-04-15 16:00:00,36.73
2014-04-15 17:00:00,37.29
2014-04-15 18:00:00,37.5
2014-04-15 19:00:00,38.01
2014-04-15 20:00:00,41.35
2014-04-15 21:00:00,44.34
2014-04-15 22:00:00,41.5
2014-04-15 23:00:00,38.77
2014-04-16 00:00:00,38.01
2014-04-16 01:00:00,37.1
2014-04-16 02:00:00,32.7
2014-04-16 03:00:00,33.4
2014-04-16 04:00:00,30.9
2014-04-16 05:00:00,33.04
2014-04-16 06:00:00,38.2
2014-04-16 07:00:00,40.21
2014-04-16 08:00:00,41.26
2014-04-16 09:00:00,41.5
2014-04-16 10:00:00,41.26
2014-04-16 11:00:00,39.21
2014-04-16 12:00:00,38.4
2014-04-16 13:00:00,38.4
2014-04-16 14:00:00,37.6
2014-04-16 15:00:00,36.12
2014-04-16 16:00:00,36.0
2014-04-16 17:00:00,35.69
2014-04-16 18:00:00,35.69
2014-04-16 19:00:00,36.67
2014-04-16 20:00:00,38.4
2014-04-16 21:00:00,41.26
2014-04-16 22:00:00,38.4
2014-04-16 23:00:00,35.69
2014-04-17 00:00:00,31.69
2014-04-17 01:00:00,26.54
2014-04-17 02:00:00,26.0
2014-04-17 03:00:00,26.08
2014-04-17 04:00:00,25.0
2014-04-17 05:00:00,26.05
2014-04-17 06:00:00,29.0
2014-04-17 07:00:00,28.01
2014-04-17 08:00:00,29.6
2014-04-17 09:00:00,30.0
2014-04-17 10:00:00,30.0
2014-04-17 11:00:00,28.01
2014-04-17 12:00:00,26.3
2014-04-17 13:00:00,26.3
2014-04-17 14:00:00,23.1
2014-04-17 15:00:00,21.8
2014-04-17 16:00:00,15.13
2014-04-17 17:00:00,13.4
2014-04-17 18:00:00,16.12
2014-04-17 19:00:00,20.09
2014-04-17 20:00:00,25.03
2014-04-17 21:00:00,30.0
2014-04-17 22:00:00,28.96
2014-04-17 23:00:00,22.0
2014-04-18 00:00:00,33.78
2014-04-18 01:00:00,30.69
2014-04-18 02:00:00,26.71
2014-04-18 03:00:00,26.58
2014-04-18 04:00:00,26.69
2014-04-18 05:00:00,25.0
2014-04-18 06:00:00,22.0
2014-04-18 07:00:00,18.36
2014-04-18 08:00:00,18.0
2014-04-18 09:00:00,19.0
2014-04-18 10:00:00,23.13
2014-04-18 11:00:00,23.8
2014-04-18 12:00:00,23.8
2014-04-18 13:00:00,23.89
2014-04-18 14:00:00,22.0
2014-04-18 15:00:00,20.03
2014-04-18 16:00:00,18.0
2014-04-18 17:00:00,16.69
2014-04-18 18:00:00,17.0
2014-04-18 19:00:00,20.0
2014-04-18 20:00:00,25.0
2014-04-18 21:00:00,33.9
2014-04-18 22:00:00,34.69
2014-04-18 23:00:00,30.69
2014-04-19 00:00:00,23.56
2014-04-19 01:00:00,23.04
2014-04-19 02:00:00,20.0
2014-04-19 03:00:00,18.0
2014-04-19 04:00:00,17.6
2014-04-19 05:00:00,16.44
2014-04-19 06:00:00,18.7
2014-04-19 07:00:00,18.0
2014-04-19 08:00:00,18.0
2014-04-19 09:00:00,22.0
2014-04-19 10:00:00,28.3
2014-04-19 11:00:00,28.69
2014-04-19 12:00:00,29.6
2014-04-19 13:00:00,30.69
2014-04-19 14:00:00,30.69
2014-04-19 15:00:00,27.02
2014-04-19 16:00:00,23.56
2014-04-19 17:00:00,21.35
2014-04-19 18:00:00,21.0
2014-04-19 19:00:00,19.68
2014-04-19 20:00:00,22.0
2014-04-19 21:00:00,29.81
2014-04-19 22:00:00,29.56
2014-04-19 23:00:00,25.1
2014-04-20 00:00:00,15.72
2014-04-20 01:00:00,11.9
2014-04-20 02:00:00,9.94
2014-04-20 03:00:00,10.19
2014-04-20 04:00:00,8.8
2014-04-20 05:00:00,8.8
2014-04-20 06:00:00,10.56
2014-04-20 07:00:00,8.8
2014-04-20 08:00:00,8.8
2014-04-20 09:00:00,11.9
2014-04-20 10:00:00,15.02
2014-04-20 11:00:00,17.0
2014-04-20 12:00:00,15.0
2014-04-20 13:00:00,15.69
2014-04-20 14:00:00,14.01
2014-04-20 15:00:00,12.0
2014-04-20 16:00:00,11.5
2014-04-20 17:00:00,12.0
2014-04-20 18:00:00,16.03
2014-04-20 19:00:00,19.0
2014-04-20 20:00:00,28.1
2014-04-20 21:00:00,37.34
2014-04-20 22:00:00,39.2
2014-04-20 23:00:00,35.1
2014-04-21 00:00:00,30.08
2014-04-21 01:00:00,30.0
2014-04-21 02:00:00,26.71
2014-04-21 03:00:00,24.7
2014-04-21 04:00:00,21.0
2014-04-21 05:00:00,25.0
2014-04-21 06:00:00,28.0
2014-04-21 07:00:00,29.69
2014-04-21 08:00:00,30.86
2014-04-21 09:00:00,35.4
2014-04-21 10:00:00,36.69
2014-04-21 11:00:00,34.69
2014-04-21 12:00:00,35.4
2014-04-21 13:00:00,36.3
2014-04-21 14:00:00,33.14
2014-04-21 15:00:00,30.69
2014-04-21 16:00:00,28.8
2014-04-21 17:00:00,27.0
2014-04-21 18:00:00,26.76
2014-04-21 19:00:00,29.0
2014-04-21 20:00:00,33.69
2014-04-21 21:00:00,39.2
2014-04-21 22:00:00,38.2
2014-04-21 23:00:00,33.9
2014-04-22 00:00:00,26.84
2014-04-22 01:00:00,21.0
2014-04-22 02:00:00,20.0
2014-04-22 03:00:00,21.0
2014-04-22 04:00:00,19.0
2014-04-22 05:00:00,20.0
2014-04-22 06:00:00,28.8
2014-04-22 07:00:00,32.7
2014-04-22 08:00:00,36.69
2014-04-22 09:00:00,38.03
2014-04-22 10:00:00,37.34
2014-04-22 11:00:00,34.01
2014-04-22 12:00:00,33.06
2014-04-22 13:00:00,32.7
2014-04-22 14:00:00,29.1
2014-04-22 15:00:00,26.76
2014-04-22 16:00:00,24.74
2014-04-22 17:00:00,24.69
2014-04-22 18:00:00,24.0
2014-04-22 19:00:00,26.68
2014-04-22 20:00:00,30.0
2014-04-22 21:00:00,35.95
2014-04-22 22:00:00,34.17
2014-04-22 23:00:00,30.0
2014-04-23 00:00:00,31.0
2014-04-23 01:00:00,27.23
2014-04-23 02:00:00,27.02
2014-04-23 03:00:00,27.17
2014-04-23 04:00:00,27.1
2014-04-23 05:00:00,27.25
2014-04-23 06:00:00,35.0
2014-04-23 07:00:00,38.2
2014-04-23 08:00:00,40.4
2014-04-23 09:00:00,41.5
2014-04-23 10:00:00,41.5
2014-04-23 11:00:00,41.26
2014-04-23 12:00:00,41.26
2014-04-23 13:00:00,40.89
2014-04-23 14:00:00,39.1
2014-04-23 15:00:00,38.4
2014-04-23 16:00:00,37.69
2014-04-23 17:00:00,38.2
2014-04-23 18:00:00,38.4
2014-04-23 19:00:00,39.5
2014-04-23 20:00:00,41.5
2014-04-23 21:00:00,47.02
2014-04-23 22:00:00,44.4
2014-04-23 23:00:00,41.5
2014-04-24 00:00:00,41.5
2014-04-24 01:00:00,39.9
2014-04-24 02:00:00,38.68
2014-04-24 03:00:00,39.5
2014-04-24 04:00:00,36.15
2014-04-24 05:00:00,35.3
2014-04-24 06:00:00,39.5
2014-04-24 07:00:00,41.5
2014-04-24 08:00:00,44.56
2014-04-24 09:00:00,46.56
2014-04-24 10:00:00,44.0
2014-04-24 11:00:00,41.26
2014-04-24 12:00:00,38.4
2014-04-24 13:00:00,33.1
2014-04-24 14:00:00,24.16
2014-04-24 15:00:00,22.5
2014-04-24 16:00:00,17.0
2014-04-24 17:00:00,15.0
2014-04-24 18:00:00,15.0
2014-04-24 19:00:00,20.0
2014-04-24 20:00:00,27.11
2014-04-24 21:00:00,30.16
2014-04-24 22:00:00,25.69
2014-04-24 23:00:00,18.0
2014-04-25 00:00:00,13.9
2014-04-25 01:00:00,8.25
2014-04-25 02:00:00,6.69
2014-04-25 03:00:00,6.0
2014-04-25 04:00:00,6.0
2014-04-25 05:00:00,6.0
2014-04-25 06:00:00,9.69
2014-04-25 07:00:00,14.9
2014-04-25 08:00:00,20.0
2014-04-25 09:00:00,20.0
2014-04-25 10:00:00,15.68
2014-04-25 11:00:00,11.0
2014-04-25 12:00:00,10.69
2014-04-25 13:00:00,12.69
2014-04-25 14:00:00,9.19
2014-04-25 15:00:00,10.0
2014-04-25 16:00:00,7.56
2014-04-25 17:00:00,7.88
2014-04-25 18:00:00,8.0
2014-04-25 19:00:00,8.25
2014-04-25 20:00:00,14.9
2014-04-25 21:00:00,22.0
2014-04-25 22:00:00,19.0
2014-04-25 23:00:00,16.69
2014-04-26 00:00:00,17.1
2014-04-26 01:00:00,15.0
2014-04-26 02:00:00,11.0
2014-04-26 03:00:00,7.88
2014-04-26 04:00:00,7.04
2014-04-26 05:00:00,7.04
2014-04-26 06:00:00,8.25
2014-04-26 07:00:00,9.0
2014-04-26 08:00:00,8.25
2014-04-26 09:00:00,10.0
2014-04-26 10:00:00,13.0
2014-04-26 11:00:00,11.9
2014-04-26 12:00:00,13.0
2014-04-26 13:00:00,13.0
2014-04-26 14:00:00,8.9
2014-04-26 15:00:00,6.0
2014-04-26 16:00:00,5.0
2014-04-26 17:00:00,5.0
2014-04-26 18:00:00,5.1
2014-04-26 19:00:00,6.0
2014-04-26 20:00:00,8.25
2014-04-26 21:00:00,16.31
2014-04-26 22:00:00,14.86
2014-04-26 23:00:00,12.0
2014-04-27 00:00:00,16.69
2014-04-27 01:00:00,11.0
2014-04-27 02:00:00,8.3
2014-04-27 03:00:00,8.3
2014-04-27 04:00:00,8.4
2014-04-27 05:00:00,11.0
2014-04-27 06:00:00,12.0
2014-04-27 07:00:00,12.0
2014-04-27 08:00:00,11.33
2014-04-27 09:00:00,14.77
2014-04-27 10:00:00,21.1
2014-04-27 11:00:00,20.69
2014-04-27 12:00:00,20.69
2014-04-27 13:00:00,21.1
2014-04-27 14:00:00,16.43
2014-04-27 15:00:00,12.5
2014-04-27 16:00:00,7.04
2014-04-27 17:00:00,6.0
2014-04-27 18:00:00,6.0
2014-04-27 19:00:00,8.3
2014-04-27 20:00:00,22.01
2014-04-27 21:00:00,29.5
2014-04-27 22:00:00,30.0
2014-04-27 23:00:00,29.0
2014-04-28 00:00:00,31.0
2014-04-28 01:00:00,30.11
2014-04-28 02:00:00,29.5
2014-04-28 03:00:00,25.0
2014-04-28 04:00:00,24.69
2014-04-28 05:00:00,25.69
2014-04-28 06:00:00,30.02
2014-04-28 07:00:00,37.01
2014-04-28 08:00:00,41.2
2014-04-28 09:00:00,41.4
2014-04-28 10:00:00,41.3
2014-04-28 11:00:00,40.89
2014-04-28 12:00:00,39.8
2014-04-28 13:00:00,41.0
2014-04-28 14:00:00,36.34
2014-04-28 15:00:00,35.0
2014-04-28 16:00:00,33.48
2014-04-28 17:00:00,33.48
2014-04-28 18:00:00,32.82
2014-04-28 19:00:00,35.02
2014-04-28 20:00:00,40.0
2014-04-28 21:00:00,41.86
2014-04-28 22:00:00,41.26
2014-04-28 23:00:00,38.5
2014-04-29 00:00:00,37.5
2014-04-29 01:00:00,35.0
2014-04-29 02:00:00,30.0
2014-04-29 03:00:00,28.7
2014-04-29 04:00:00,26.6
2014-04-29 05:00:00,28.0
2014-04-29 06:00:00,35.26
2014-04-29 07:00:00,41.26
2014-04-29 08:00:00,41.5
2014-04-29 09:00:00,42.01
2014-04-29 10:00:00,41.68
2014-04-29 11:00:00,41.5
2014-04-29 12:00:00,41.5
2014-04-29 13:00:00,41.0
2014-04-29 14:00:00,37.5
2014-04-29 15:00:00,35.0
2014-04-29 16:00:00,30.4
2014-04-29 17:00:00,30.01
2014-04-29 18:00:00,30.0
2014-04-29 19:00:00,30.66
2014-04-29 20:00:00,36.0
2014-04-29 21:00:00,41.26
2014-04-29 22:00:00,39.5
2014-04-29 23:00:00,37.5
2014-04-30 00:00:00,33.4
2014-04-30 01:00:00,33.6
2014-04-30 02:00:00,33.4
2014-04-30 03:00:00,32.68
2014-04-30 04:00:00,32.0
2014-04-30 05:00:00,33.4
2014-04-30 06:00:00,41.01
2014-04-30 07:00:00,42.05
2014-04-30 08:00:00,44.17
2014-04-30 09:00:00,44.17
2014-04-30 10:00:00,43.2
2014-04-30 11:00:00,41.8
2014-04-30 12:00:00,41.5
2014-04-30 13:00:00,41.26
2014-04-30 14:00:00,38.84
2014-04-30 15:00:00,36.5
2014-04-30 16:00:00,34.35
2014-04-30 17:00:00,33.61
2014-04-30 18:00:00,32.73
2014-04-30 19:00:00,35.0
2014-04-30 20:00:00,38.69
2014-04-30 21:00:00,41.5
2014-04-30 22:00:00,38.84
2014-04-30 23:00:00,35.5
